[{"model": "attendance_book.person", "pk": 1, "fields": {"name": "\u5c0f\u6797 \u76f4\u4eba", "email": "kobayashi@example.com"}}, {"model": "attendance_book.person", "pk": 2, "fields": {"name": "\u9234\u6728 \u5b88", "email": "suzuki@example.com"}}, {"model": "attendance_book.person", "pk": 3, "fields": {"name": "\u6c60\u7530 \u62d3\u4e5f", "email": "ikeda@example.com"}}, {"model": "attendance_book.person", "pk": 4, "fields": {"name": "\u67f4\u7530 \u5065", "email": "shibata@example.com"}}, {"model": "attendance_book.person", "pk": 5, "fields": {"name": "\u5927\u585a \u660e", "email": "ootsuka@example.com"}}, {"model": "attendance_book.person", "pk": 6, "fields": {"name": "\u6e21\u8fba \u8ce2", "email": "watanabe@example.com"}}, {"model": "attendance_book.person", "pk": 7, "fields": {"name": "\u4e2d\u6751 \u5b8f\u4e00", "email": "nakamura@example.com"}}, {"model": "attendance_book.person", "pk": 8, "fields": {"name": "\u9ad8\u6a4b \u53cb\u4e5f", "email": "takahashi@example.com"}}, {"model": "attendance_book.person", "pk": 9, "fields": {"name": "\u677e\u672c \u654f\u4e4b", "email": "matsumoto@example.com"}}, {"model": "attendance_book.person", "pk": 10, "fields": {"name": "\u5ca1\u7530 \u9686\u53f2", "email": "okada@example.com"}}, {"model": "attendance_book.person", "pk": 11, "fields": {"name": "\u77f3\u5ddd \u82f1\u4e00", "email": "ishikawa@example.com"}}, {"model": "attendance_book.person", "pk": 12, "fields": {"name": "\u85e4\u4e95 \u4e98", "email": "hujii@example.com"}}, {"model": "attendance_book.person", "pk": 13, "fields": {"name": "\u67f4 \u826f\u8f14", "email": "siba@example.com"}}, {"model": "attendance_book.person", "pk": 14, "fields": {"name": "\u4ef2\u5b97\u6839 \u6b63\u53f2", "email": "nakasone@example.com"}}, {"model": "attendance_book.person", "pk": 15, "fields": {"name": "\u4e95\u5742 \u4e00\u4ec1", "email": "isaka@example.com"}}, {"model": "attendance_book.person", "pk": 16, "fields": {"name": "\u4e00\u67f3 \u54f2", "email": "ichiyanagi@example.com"}}, {"model": "attendance_book.person", "pk": 17, "fields": {"name": "\u53e4\u5e02 \u53cb\u4e00", "email": "huruichi@example.com"}}, {"model": "attendance_book.person", "pk": 18, "fields": {"name": "\u82e5\u5c3e \u6643\u5f18", "email": "wakao@example.com"}}, {"model": "attendance_book.person", "pk": 19, "fields": {"name": "\u4ec1\u5e73 \u62d3\u99ac", "email": "nihei@example.com"}}, {"model": "attendance_book.person", "pk": 20, "fields": {"name": "\u5c71\u8c37 \u88d5", "email": "yamamoto@example.com"}}, {"model": "attendance_book.person", "pk": 21, "fields": {"name": "\u95a2\u5c71 \u609f\u53f2", "email": "sekiyama@example.com"}}, {"model": "attendance_book.person", "pk": 22, "fields": {"name": "\u5ca9\u5009 \u77e5\u5e83", "email": "iwakura@example.com"}}, {"model": "attendance_book.person", "pk": 23, "fields": {"name": "\u5ca1\u5c71 \u82f1\u8cb4", "email": "okayama@example.com"}}, {"model": "attendance_book.person", "pk": 24, "fields": {"name": "\u718a\u5d0e \u5fe0\u5f18", "email": "kumazaki@example.com"}}, {"model": "attendance_book.person", "pk": 25, "fields": {"name": "\u5ca1\u5b89 \u53f2\u4e5f", "email": "okayasu@example.com"}}, {"model": "attendance_book.person", "pk": 26, "fields": {"name": "\u5d14 \u7ae0\u4e00", "email": "sai@example.com"}}, {"model": "attendance_book.person", "pk": 27, "fields": {"name": "\u6d25\u5b88 \u6b63\u5b8f", "email": "tumori@example.com"}}, {"model": "attendance_book.person", "pk": 28, "fields": {"name": "\u7c7e\u5c71 \u6cf0\u5e78", "email": "momiyama@example.com"}}, {"model": "attendance_book.person", "pk": 29, "fields": {"name": "\u6a2a\u8c37 \u6b63\u5149", "email": "yokotani@example.com"}}, {"model": "attendance_book.person", "pk": 30, "fields": {"name": "\u5982\u6708 \u985e", "email": "kisaragi@example.com"}}, {"model": "attendance_book.person", "pk": 31, "fields": {"name": "\u8b1d \u6d69\u4e00", "email": "sha@example.com"}}, {"model": "attendance_book.person", "pk": 32, "fields": {"name": "\u8c37\u5ca1 \u9032\u592a\u90ce", "email": "tanioka@example.com"}}, {"model": "attendance_book.person", "pk": 33, "fields": {"name": "\u4e2d\u6c5f \u5eb7\u7d00", "email": "nakae@example.com"}}, {"model": "attendance_book.person", "pk": 34, "fields": {"name": "\u7167\u4e95 \u6d38\u4ecb", "email": "terui@example.com"}}, {"model": "attendance_book.person", "pk": 35, "fields": {"name": "\u8429\u91ce \u5b97\u5fb3", "email": "hagino@example.com"}}, {"model": "attendance_book.person", "pk": 36, "fields": {"name": "\u62bc\u5207 \u6d0b\u4eba", "email": "oshikiri@example.com"}}, {"model": "attendance_book.person", "pk": 37, "fields": {"name": "\u5c0f\u5712 \u6e05\u5b5d", "email": "kozono@example.com"}}, {"model": "attendance_book.person", "pk": 38, "fields": {"name": "\u6d77\u8001\u540d \u96c5\u7fa9", "email": "ebina@example.com"}}, {"model": "attendance_book.person", "pk": 39, "fields": {"name": "\u68ee\u6fa4 \u65e5\u51fa\u7537", "email": "morisawa@example.com"}}, {"model": "attendance_book.person", "pk": 40, "fields": {"name": "\u6885\u6ca2 \u6570\u99ac", "email": "umezawa@example.com"}}, {"model": "attendance_book.person", "pk": 41, "fields": {"name": "\u5c71\u5d5c \u535a\u8cb4", "email": "yamazaki@example.com"}}, {"model": "attendance_book.person", "pk": 42, "fields": {"name": "\u4f0a\u6fa4 \u3088\u3057\u3072\u308d", "email": "izawa@example.com"}}, {"model": "attendance_book.person", "pk": 43, "fields": {"name": "\u5ddd\u898b \u5f18\u6643", "email": "kawami@example.com"}}, {"model": "attendance_book.person", "pk": 44, "fields": {"name": "\u91cd\u5149 \u5fe0\u592b", "email": "sigemitu@example.com"}}, {"model": "attendance_book.person", "pk": 45, "fields": {"name": "\u5ddd\u6e80 \u6d69", "email": "kawamitu@example.com"}}, {"model": "attendance_book.person", "pk": 46, "fields": {"name": "\u837b\u7530 \u88d5\u5247", "email": "ogita@example.com"}}, {"model": "attendance_book.person", "pk": 47, "fields": {"name": "\u8349\u9593 \u826f\u5f70", "email": "kusama@example.com"}}, {"model": "attendance_book.person", "pk": 48, "fields": {"name": "\u5e38\u76e4 \u559c\u9686", "email": "tokiwa@example.com"}}, {"model": "attendance_book.person", "pk": 49, "fields": {"name": "\u4ee3\u7530 \u5c06\u4e00", "email": "yoda@example.com"}}, {"model": "attendance_book.person", "pk": 50, "fields": {"name": "\u4e09\u6ca2 \u4eab", "email": "misawa@example.com"}}, {"model": "attendance_book.person", "pk": 51, "fields": {"name": "\u7af9\u5ddd \u76f4\u6643", "email": "takekawa@example.com"}}, {"model": "attendance_book.person", "pk": 52, "fields": {"name": "\u767d\u8c37 \u5b97\u4e00", "email": "siratani@example.com"}}, {"model": "attendance_book.person", "pk": 53, "fields": {"name": "\u4ef2\u5c71 \u4f38\u4e4b\u4ecb", "email": "nakayama@example.com"}}, {"model": "attendance_book.person", "pk": 54, "fields": {"name": "\u5927\u5ddd\u539f \u96c5\u8cb4", "email": "ookawara@example.com"}}, {"model": "attendance_book.person", "pk": 55, "fields": {"name": "\u718a\u4ee3 \u79c0\u54c9", "email": "kumasiro@example.com"}}, {"model": "attendance_book.person", "pk": 56, "fields": {"name": "\u897f\u6797 \u5d07\u6643", "email": "nisibayasi@example.com"}}, {"model": "attendance_book.person", "pk": 57, "fields": {"name": "\u4e2d\u8def \u60a0\u4e00\u90ce", "email": "nakaji@example.com"}}, {"model": "attendance_book.person", "pk": 58, "fields": {"name": "\u5869\u6ca2 \u5927\u9053", "email": "siozawa@example.com"}}, {"model": "attendance_book.person", "pk": 59, "fields": {"name": "\u76f8\u6d66 \u6587\u5247", "email": "aiura@example.com"}}, {"model": "attendance_book.person", "pk": 60, "fields": {"name": "\u5b50\u5b89 \u8aa0\u592a\u90ce", "email": "koyasu@example.com"}}, {"model": "attendance_book.person", "pk": 61, "fields": {"name": "\u6f81\u6fa4 \u6587\u6b66", "email": "sibusawa@example.com"}}, {"model": "attendance_book.person", "pk": 70, "fields": {"name": "\u4eca\u5225\u5e9c \u5cb3\u58eb", "email": "imabeppu@example.com"}}, {"model": "attendance_book.person", "pk": 71, "fields": {"name": "\u9727\u5cf6 \u5584\u5b5d", "email": "kirisima@example.com"}}, {"model": "attendance_book.subject", "pk": 1, "fields": {"name": "HR"}}, {"model": "attendance_book.subject", "pk": 2, "fields": {"name": "\u5352\u696d\u7814\u7a76"}}, {"model": "attendance_book.subject", "pk": 3, "fields": {"name": "\u9078\u629e\u82f1\u8a9e"}}, {"model": "attendance_book.subject", "pk": 4, "fields": {"name": "\u30c7\u30a3\u30b8\u30bf\u30eb\u4fe1\u53f7\u51e6\u7406"}}, {"model": "attendance_book.subject", "pk": 5, "fields": {"name": "\u30c7\u30fc\u30bf\u30d9\u30fc\u30b9"}}, {"model": "attendance_book.subject", "pk": 6, "fields": {"name": "\u4f53\u80b2\u5b9f\u6280"}}, {"model": "attendance_book.subject", "pk": 7, "fields": {"name": "\u6570\u7406\u5de5\u5b66\u6982\u8ad6"}}, {"model": "attendance_book.subject", "pk": 8, "fields": {"name": "\u6280\u8853\u8005\u502b\u7406"}}, {"model": "attendance_book.subject", "pk": 9, "fields": {"name": "\u753b\u50cf\u51e6\u7406"}}, {"model": "attendance_book.subject", "pk": 10, "fields": {"name": "\u4eba\u5de5\u77e5\u80fd"}}, {"model": "attendance_book.subject", "pk": 11, "fields": {"name": "\u7d4c\u6e08\u5b66"}}, {"model": "attendance_book.subject", "pk": 12, "fields": {"name": "OS\u6982\u8ad6"}}, {"model": "attendance_book.subject", "pk": 13, "fields": {"name": "\u30d7\u30ed\u30b0\u30e9\u30df\u30f3\u30b0\u5fdc\u7528"}}, {"model": "attendance_book.subject", "pk": 14, "fields": {"name": "\u30bd\u30d5\u30c8\u30a6\u30a7\u30a2\u5de5\u5b66"}}, {"model": "attendance_book.student", "pk": "sxxx01", "fields": {"person": 59, "class_num": 1}}, {"model": "attendance_book.student", "pk": "sxxx02", "fields": {"person": 3, "class_num": 2}}, {"model": "attendance_book.student", "pk": "sxxx03", "fields": {"person": 15, "class_num": 3}}, {"model": "attendance_book.student", "pk": "sxxx04", "fields": {"person": 42, "class_num": 4}}, {"model": "attendance_book.student", "pk": "sxxx05", "fields": {"person": 11, "class_num": 5}}, {"model": "attendance_book.student", "pk": "sxxx06", "fields": {"person": 16, "class_num": 6}}, {"model": "attendance_book.student", "pk": "sxxx07", "fields": {"person": 70, "class_num": 7}}, {"model": "attendance_book.student", "pk": "sxxx08", "fields": {"person": 22, "class_num": 8}}, {"model": "attendance_book.student", "pk": "sxxx09", "fields": {"person": 40, "class_num": 9}}, {"model": "attendance_book.student", "pk": "sxxx10", "fields": {"person": 38, "class_num": 10}}, {"model": "attendance_book.student", "pk": "sxxx11", "fields": {"person": 54, "class_num": 11}}, {"model": "attendance_book.student", "pk": "sxxx12", "fields": {"person": 5, "class_num": 12}}, {"model": "attendance_book.student", "pk": "sxxx13", "fields": {"person": 10, "class_num": 13}}, {"model": "attendance_book.student", "pk": "sxxx14", "fields": {"person": 25, "class_num": 14}}, {"model": "attendance_book.student", "pk": "sxxx15", "fields": {"person": 23, "class_num": 15}}, {"model": "attendance_book.student", "pk": "sxxx16", "fields": {"person": 46, "class_num": 16}}, {"model": "attendance_book.student", "pk": "sxxx17", "fields": {"person": 36, "class_num": 17}}, {"model": "attendance_book.student", "pk": "sxxx18", "fields": {"person": 43, "class_num": 18}}, {"model": "attendance_book.student", "pk": "sxxx19", "fields": {"person": 45, "class_num": 19}}, {"model": "attendance_book.student", "pk": "sxxx20", "fields": {"person": 30, "class_num": 20}}, {"model": "attendance_book.student", "pk": "sxxx21", "fields": {"person": 71, "class_num": 21}}]