[{"model": "attendance_book.person", "pk": 1, "fields": {"name": "\u5c0f\u6797 \u76f4\u4eba", "email": "kobayashi@example.com"}}, {"model": "attendance_book.person", "pk": 2, "fields": {"name": "\u9234\u6728 \u5b88", "email": "suzuki@example.com"}}, {"model": "attendance_book.person", "pk": 3, "fields": {"name": "\u6c60\u7530 \u62d3\u4e5f", "email": "ikeda@example.com"}}, {"model": "attendance_book.person", "pk": 4, "fields": {"name": "\u67f4\u7530 \u5065", "email": "shibata@example.com"}}, {"model": "attendance_book.person", "pk": 5, "fields": {"name": "\u5927\u585a \u660e", "email": "ootsuka@example.com"}}, {"model": "attendance_book.person", "pk": 6, "fields": {"name": "\u6e21\u8fba \u8ce2", "email": "watanabe@example.com"}}, {"model": "attendance_book.person", "pk": 7, "fields": {"name": "\u4e2d\u6751 \u5b8f\u4e00", "email": "nakamura@example.com"}}, {"model": "attendance_book.person", "pk": 8, "fields": {"name": "\u9ad8\u6a4b \u53cb\u4e5f", "email": "takahashi@example.com"}}, {"model": "attendance_book.person", "pk": 9, "fields": {"name": "\u677e\u672c \u654f\u4e4b", "email": "matsumoto@example.com"}}, {"model": "attendance_book.person", "pk": 10, "fields": {"name": "\u5ca1\u7530 \u9686\u53f2", "email": "okada@example.com"}}, {"model": "attendance_book.person", "pk": 11, "fields": {"name": "\u77f3\u5ddd \u82f1\u4e00", "email": "ishikawa@example.com"}}, {"model": "attendance_book.person", "pk": 12, "fields": {"name": "\u85e4\u4e95 \u4e98", "email": "hujii@example.com"}}, {"model": "attendance_book.subject", "pk": 1, "fields": {"name": "HR"}}, {"model": "attendance_book.subject", "pk": 2, "fields": {"name": "\u5352\u696d\u7814\u7a76"}}, {"model": "attendance_book.subject", "pk": 3, "fields": {"name": "\u9078\u629e\u82f1\u8a9e"}}, {"model": "attendance_book.subject", "pk": 4, "fields": {"name": "\u30c7\u30a3\u30b8\u30bf\u30eb\u4fe1\u53f7\u51e6\u7406"}}, {"model": "attendance_book.subject", "pk": 5, "fields": {"name": "\u30c7\u30fc\u30bf\u30d9\u30fc\u30b9"}}, {"model": "attendance_book.subject", "pk": 6, "fields": {"name": "\u4f53\u80b2\u5b9f\u6280"}}, {"model": "attendance_book.subject", "pk": 7, "fields": {"name": "\u6570\u7406\u5de5\u5b66\u6982\u8ad6"}}, {"model": "attendance_book.subject", "pk": 8, "fields": {"name": "\u6280\u8853\u8005\u502b\u7406"}}, {"model": "attendance_book.subject", "pk": 9, "fields": {"name": "\u753b\u50cf\u51e6\u7406"}}, {"model": "attendance_book.subject", "pk": 10, "fields": {"name": "\u4eba\u5de5\u77e5\u80fd"}}, {"model": "attendance_book.subject", "pk": 11, "fields": {"name": "\u7d4c\u6e08\u5b66"}}, {"model": "attendance_book.subject", "pk": 12, "fields": {"name": "OS\u6982\u8ad6"}}, {"model": "attendance_book.subject", "pk": 13, "fields": {"name": "\u30d7\u30ed\u30b0\u30e9\u30df\u30f3\u30b0\u5fdc\u7528"}}, {"model": "attendance_book.subject", "pk": 14, "fields": {"name": "\u30bd\u30d5\u30c8\u30a6\u30a7\u30a2\u5de5\u5b66"}}, {"model": "attendance_book.student", "pk": "sxxx01", "fields": {"person": 1, "class_num": 1}}, {"model": "attendance_book.student", "pk": "sxxx02", "fields": {"person": 2, "class_num": 2}}, {"model": "attendance_book.student", "pk": "sxxx03", "fields": {"person": 3, "class_num": 3}}, {"model": "attendance_book.student", "pk": "sxxx04", "fields": {"person": 4, "class_num": 4}}, {"model": "attendance_book.student", "pk": "sxxx05", "fields": {"person": 5, "class_num": 5}}, {"model": "attendance_book.student", "pk": "sxxx06", "fields": {"person": 6, "class_num": 6}}, {"model": "attendance_book.student", "pk": "sxxx07", "fields": {"person": 7, "class_num": 7}}, {"model": "attendance_book.student", "pk": "sxxx08", "fields": {"person": 8, "class_num": 8}}, {"model": "attendance_book.student", "pk": "sxxx09", "fields": {"person": 9, "class_num": 9}}, {"model": "attendance_book.student", "pk": "sxxx10", "fields": {"person": 10, "class_num": 10}}, {"model": "attendance_book.teacher", "pk": 1, "fields": {"person": 11}}, {"model": "attendance_book.teacher", "pk": 2, "fields": {"person": 12}}, {"model": "attendance_book.timetable", "pk": 1, "fields": {"subject": 1, "day_of_week": 0, "start_period": 0, "period_length": 1}}, {"model": "attendance_book.timetable", "pk": 2, "fields": {"subject": 2, "day_of_week": 0, "start_period": 3, "period_length": 6}}, {"model": "attendance_book.timetable", "pk": 3, "fields": {"subject": 1, "day_of_week": 1, "start_period": 0, "period_length": 1}}, {"model": "attendance_book.timetable", "pk": 4, "fields": {"subject": 3, "day_of_week": 1, "start_period": 1, "period_length": 2}}, {"model": "attendance_book.timetable", "pk": 5, "fields": {"subject": 4, "day_of_week": 1, "start_period": 3, "period_length": 2}}, {"model": "attendance_book.timetable", "pk": 6, "fields": {"subject": 5, "day_of_week": 1, "start_period": 5, "period_length": 2}}, {"model": "attendance_book.timetable", "pk": 7, "fields": {"subject": 6, "day_of_week": 1, "start_period": 7, "period_length": 2}}, {"model": "attendance_book.timetable", "pk": 8, "fields": {"subject": 1, "day_of_week": 2, "start_period": 0, "period_length": 1}}, {"model": "attendance_book.timetable", "pk": 9, "fields": {"subject": 7, "day_of_week": 2, "start_period": 5, "period_length": 2}}, {"model": "attendance_book.timetable", "pk": 10, "fields": {"subject": 1, "day_of_week": 3, "start_period": 0, "period_length": 1}}, {"model": "attendance_book.timetable", "pk": 11, "fields": {"subject": 8, "day_of_week": 3, "start_period": 1, "period_length": 2}}, {"model": "attendance_book.timetable", "pk": 12, "fields": {"subject": 9, "day_of_week": 3, "start_period": 3, "period_length": 2}}, {"model": "attendance_book.timetable", "pk": 13, "fields": {"subject": 10, "day_of_week": 3, "start_period": 5, "period_length": 2}}, {"model": "attendance_book.timetable", "pk": 14, "fields": {"subject": 11, "day_of_week": 3, "start_period": 7, "period_length": 2}}, {"model": "attendance_book.timetable", "pk": 15, "fields": {"subject": 1, "day_of_week": 4, "start_period": 0, "period_length": 1}}, {"model": "attendance_book.timetable", "pk": 16, "fields": {"subject": 12, "day_of_week": 4, "start_period": 1, "period_length": 2}}, {"model": "attendance_book.timetable", "pk": 17, "fields": {"subject": 13, "day_of_week": 4, "start_period": 3, "period_length": 2}}, {"model": "attendance_book.timetable", "pk": 18, "fields": {"subject": 14, "day_of_week": 4, "start_period": 5, "period_length": 2}}]