[{"model": "attendance_book.person", "pk": 1, "fields": {"name": "\u5c0f\u6797 \u76f4\u4eba", "email": "kobayashi@example.com"}}, {"model": "attendance_book.person", "pk": 2, "fields": {"name": "\u9234\u6728 \u5b88", "email": "suzuki@example.com"}}, {"model": "attendance_book.person", "pk": 3, "fields": {"name": "\u6c60\u7530 \u62d3\u4e5f", "email": "ikeda@example.com"}}, {"model": "attendance_book.person", "pk": 4, "fields": {"name": "\u67f4\u7530 \u5065", "email": "shibata@example.com"}}, {"model": "attendance_book.person", "pk": 5, "fields": {"name": "\u5927\u585a \u660e", "email": "ootsuka@example.com"}}, {"model": "attendance_book.person", "pk": 6, "fields": {"name": "\u6e21\u8fba \u8ce2", "email": "watanabe@example.com"}}, {"model": "attendance_book.person", "pk": 7, "fields": {"name": "\u4e2d\u6751 \u5b8f\u4e00", "email": "nakamura@example.com"}}, {"model": "attendance_book.person", "pk": 8, "fields": {"name": "\u9ad8\u6a4b \u53cb\u4e5f", "email": "takahashi@example.com"}}, {"model": "attendance_book.person", "pk": 9, "fields": {"name": "\u677e\u672c \u654f\u4e4b", "email": "matsumoto@example.com"}}, {"model": "attendance_book.person", "pk": 10, "fields": {"name": "\u5ca1\u7530 \u9686\u53f2", "email": "okada@example.com"}}, {"model": "attendance_book.person", "pk": 11, "fields": {"name": "\u77f3\u5ddd \u82f1\u4e00", "email": "ishikawa@example.com"}}, {"model": "attendance_book.person", "pk": 12, "fields": {"name": "\u85e4\u4e95 \u4e98", "email": "hujii@example.com"}}, {"model": "attendance_book.person", "pk": 13, "fields": {"name": "\u67f4 \u826f\u8f14", "email": "siba@example.com"}}, {"model": "attendance_book.person", "pk": 14, "fields": {"name": "\u4ef2\u5b97\u6839 \u6b63\u53f2", "email": "nakasone@example.com"}}, {"model": "attendance_book.person", "pk": 15, "fields": {"name": "\u4e95\u5742 \u4e00\u4ec1", "email": "isaka@example.com"}}, {"model": "attendance_book.person", "pk": 16, "fields": {"name": "\u4e00\u67f3 \u54f2", "email": "ichiyanagi@example.com"}}, {"model": "attendance_book.person", "pk": 17, "fields": {"name": "\u53e4\u5e02 \u53cb\u4e00", "email": "huruichi@example.com"}}, {"model": "attendance_book.person", "pk": 18, "fields": {"name": "\u82e5\u5c3e \u6643\u5f18", "email": "wakao@example.com"}}, {"model": "attendance_book.person", "pk": 19, "fields": {"name": "\u4ec1\u5e73 \u62d3\u99ac", "email": "nihei@example.com"}}, {"model": "attendance_book.person", "pk": 20, "fields": {"name": "\u5c71\u8c37 \u88d5", "email": "yamamoto@example.com"}}, {"model": "attendance_book.person", "pk": 21, "fields": {"name": "\u95a2\u5c71 \u609f\u53f2", "email": "sekiyama@example.com"}}, {"model": "attendance_book.person", "pk": 22, "fields": {"name": "\u5ca9\u5009 \u77e5\u5e83", "email": "iwakura@example.com"}}, {"model": "attendance_book.person", "pk": 23, "fields": {"name": "\u5ca1\u5c71 \u82f1\u8cb4", "email": "okayama@example.com"}}, {"model": "attendance_book.person", "pk": 24, "fields": {"name": "\u718a\u5d0e \u5fe0\u5f18", "email": "kumazaki@example.com"}}, {"model": "attendance_book.person", "pk": 25, "fields": {"name": "\u5ca1\u5b89 \u53f2\u4e5f", "email": "okayasu@example.com"}}, {"model": "attendance_book.person", "pk": 26, "fields": {"name": "\u5d14 \u7ae0\u4e00", "email": "sai@example.com"}}, {"model": "attendance_book.person", "pk": 27, "fields": {"name": "\u6d25\u5b88 \u6b63\u5b8f", "email": "tumori@example.com"}}, {"model": "attendance_book.person", "pk": 28, "fields": {"name": "\u7c7e\u5c71 \u6cf0\u5e78", "email": "momiyama@example.com"}}, {"model": "attendance_book.person", "pk": 29, "fields": {"name": "\u6a2a\u8c37 \u6b63\u5149", "email": "yokotani@example.com"}}, {"model": "attendance_book.person", "pk": 30, "fields": {"name": "\u5982\u6708 \u985e", "email": "kisaragi@example.com"}}, {"model": "attendance_book.person", "pk": 31, "fields": {"name": "\u8b1d \u6d69\u4e00", "email": "sha@example.com"}}, {"model": "attendance_book.person", "pk": 32, "fields": {"name": "\u8c37\u5ca1 \u9032\u592a\u90ce", "email": "tanioka@example.com"}}, {"model": "attendance_book.person", "pk": 33, "fields": {"name": "\u4e2d\u6c5f \u5eb7\u7d00", "email": "nakae@example.com"}}, {"model": "attendance_book.person", "pk": 34, "fields": {"name": "\u7167\u4e95 \u6d38\u4ecb", "email": "terui@example.com"}}, {"model": "attendance_book.person", "pk": 35, "fields": {"name": "\u8429\u91ce \u5b97\u5fb3", "email": "hagino@example.com"}}, {"model": "attendance_book.person", "pk": 36, "fields": {"name": "\u62bc\u5207 \u6d0b\u4eba", "email": "oshikiri@example.com"}}, {"model": "attendance_book.person", "pk": 37, "fields": {"name": "\u5c0f\u5712 \u6e05\u5b5d", "email": "kozono@example.com"}}, {"model": "attendance_book.person", "pk": 38, "fields": {"name": "\u6d77\u8001\u540d \u96c5\u7fa9", "email": "ebina@example.com"}}, {"model": "attendance_book.person", "pk": 39, "fields": {"name": "\u68ee\u6fa4 \u65e5\u51fa\u7537", "email": "morisawa@example.com"}}, {"model": "attendance_book.person", "pk": 40, "fields": {"name": "\u6885\u6ca2 \u6570\u99ac", "email": "umezawa@example.com"}}, {"model": "attendance_book.person", "pk": 41, "fields": {"name": "\u5c71\u5d5c \u535a\u8cb4", "email": "yamazaki@example.com"}}, {"model": "attendance_book.person", "pk": 42, "fields": {"name": "\u4f0a\u6fa4 \u3088\u3057\u3072\u308d", "email": "izawa@example.com"}}, {"model": "attendance_book.person", "pk": 43, "fields": {"name": "\u5ddd\u898b \u5f18\u6643", "email": "kawami@example.com"}}, {"model": "attendance_book.person", "pk": 44, "fields": {"name": "\u91cd\u5149 \u5fe0\u592b", "email": "sigemitu@example.com"}}, {"model": "attendance_book.person", "pk": 45, "fields": {"name": "\u5ddd\u6e80 \u6d69", "email": "kawamitu@example.com"}}, {"model": "attendance_book.person", "pk": 46, "fields": {"name": "\u837b\u7530 \u88d5\u5247", "email": "ogita@example.com"}}, {"model": "attendance_book.person", "pk": 47, "fields": {"name": "\u8349\u9593 \u826f\u5f70", "email": "kusama@example.com"}}, {"model": "attendance_book.person", "pk": 48, "fields": {"name": "\u5e38\u76e4 \u559c\u9686", "email": "tokiwa@example.com"}}, {"model": "attendance_book.person", "pk": 49, "fields": {"name": "\u4ee3\u7530 \u5c06\u4e00", "email": "yoda@example.com"}}, {"model": "attendance_book.person", "pk": 50, "fields": {"name": "\u4e09\u6ca2 \u4eab", "email": "misawa@example.com"}}, {"model": "attendance_book.person", "pk": 51, "fields": {"name": "\u7af9\u5ddd \u76f4\u6643", "email": "takekawa@example.com"}}, {"model": "attendance_book.person", "pk": 52, "fields": {"name": "\u767d\u8c37 \u5b97\u4e00", "email": "siratani@example.com"}}, {"model": "attendance_book.person", "pk": 53, "fields": {"name": "\u4ef2\u5c71 \u4f38\u4e4b\u4ecb", "email": "nakayama@example.com"}}, {"model": "attendance_book.person", "pk": 54, "fields": {"name": "\u5927\u5ddd\u539f \u96c5\u8cb4", "email": "ookawara@example.com"}}, {"model": "attendance_book.person", "pk": 55, "fields": {"name": "\u718a\u4ee3 \u79c0\u54c9", "email": "kumasiro@example.com"}}, {"model": "attendance_book.person", "pk": 56, "fields": {"name": "\u897f\u6797 \u5d07\u6643", "email": "nisibayasi@example.com"}}, {"model": "attendance_book.person", "pk": 57, "fields": {"name": "\u4e2d\u8def \u60a0\u4e00\u90ce", "email": "nakaji@example.com"}}, {"model": "attendance_book.person", "pk": 58, "fields": {"name": "\u5869\u6ca2 \u5927\u9053", "email": "siozawa@example.com"}}, {"model": "attendance_book.person", "pk": 59, "fields": {"name": "\u76f8\u6d66 \u6587\u5247", "email": "aiura@example.com"}}, {"model": "attendance_book.person", "pk": 60, "fields": {"name": "\u5b50\u5b89 \u8aa0\u592a\u90ce", "email": "koyasu@example.com"}}, {"model": "attendance_book.person", "pk": 61, "fields": {"name": "\u6f81\u6fa4 \u6587\u6b66", "email": "sibusawa@example.com"}}, {"model": "attendance_book.person", "pk": 70, "fields": {"name": "\u4eca\u5225\u5e9c \u5cb3\u58eb", "email": "imabeppu@example.com"}}, {"model": "attendance_book.person", "pk": 71, "fields": {"name": "\u9727\u5cf6 \u5584\u5b5d", "email": "kirisima@example.com"}}, {"model": "attendance_book.person", "pk": 72, "fields": {"name": "\u8d64\u5dba\u00a0\u559c\u535a", "email": "akamine@example.com"}}, {"model": "attendance_book.person", "pk": 73, "fields": {"name": "\u6709\u5143\u00a0\u52c7\u5e0c", "email": "arimoto@example.com"}}, {"model": "attendance_book.person", "pk": 74, "fields": {"name": "\u98ef\u6cc9\u00a0\u5e83\u5fd7", "email": "iizumi@example.com"}}, {"model": "attendance_book.person", "pk": 75, "fields": {"name": "\u5927\u8cab\u00a0\u4e45\u55e3", "email": "oonuki@example.com"}}, {"model": "attendance_book.person", "pk": 76, "fields": {"name": "\u6cb3\u4e95\u00a0\u8302\u4e45", "email": "kawai@example.com"}}, {"model": "attendance_book.person", "pk": 77, "fields": {"name": "\u5742\u8c37\u00a0\u5b5d\u5178", "email": "sakaya@example.com"}}, {"model": "attendance_book.person", "pk": 78, "fields": {"name": "\u6771\u90f7\u00a0\u5eb7\u4f38", "email": "tougou@example.com"}}, {"model": "attendance_book.person", "pk": 79, "fields": {"name": "\u8c4a\u539f\u00a0\u9054\u96c4", "email": "toyohara@example.com"}}, {"model": "attendance_book.person", "pk": 80, "fields": {"name": "\u897f\u677e\u00a0\u5229\u4e4b", "email": "nisimatu@example.com"}}, {"model": "attendance_book.person", "pk": 81, "fields": {"name": "\u5c71\u6728\u00a0\u654f\u96c4", "email": "yamaki@example.com"}}, {"model": "attendance_book.person", "pk": 82, "fields": {"name": "\u6851\u6751 \u4e00\u4e45", "email": "kuwamura@example.com"}}, {"model": "attendance_book.person", "pk": 83, "fields": {"name": "\u56db\u5bae \u7adc\u77e2", "email": "sinomiya@example.com"}}, {"model": "attendance_book.subject", "pk": 1, "fields": {"name": "HR"}}, {"model": "attendance_book.subject", "pk": 2, "fields": {"name": "\u5352\u696d\u7814\u7a76"}}, {"model": "attendance_book.subject", "pk": 3, "fields": {"name": "\u9078\u629e\u82f1\u8a9e"}}, {"model": "attendance_book.subject", "pk": 4, "fields": {"name": "\u30c7\u30a3\u30b8\u30bf\u30eb\u4fe1\u53f7\u51e6\u7406"}}, {"model": "attendance_book.subject", "pk": 5, "fields": {"name": "\u30c7\u30fc\u30bf\u30d9\u30fc\u30b9"}}, {"model": "attendance_book.subject", "pk": 6, "fields": {"name": "\u4f53\u80b2\u5b9f\u6280"}}, {"model": "attendance_book.subject", "pk": 7, "fields": {"name": "\u6570\u7406\u5de5\u5b66\u6982\u8ad6"}}, {"model": "attendance_book.subject", "pk": 8, "fields": {"name": "\u6280\u8853\u8005\u502b\u7406"}}, {"model": "attendance_book.subject", "pk": 9, "fields": {"name": "\u753b\u50cf\u51e6\u7406"}}, {"model": "attendance_book.subject", "pk": 10, "fields": {"name": "\u4eba\u5de5\u77e5\u80fd"}}, {"model": "attendance_book.subject", "pk": 11, "fields": {"name": "\u7d4c\u6e08\u5b66"}}, {"model": "attendance_book.subject", "pk": 12, "fields": {"name": "OS\u6982\u8ad6"}}, {"model": "attendance_book.subject", "pk": 13, "fields": {"name": "\u30d7\u30ed\u30b0\u30e9\u30df\u30f3\u30b0\u5fdc\u7528"}}, {"model": "attendance_book.subject", "pk": 14, "fields": {"name": "\u30bd\u30d5\u30c8\u30a6\u30a7\u30a2\u5de5\u5b66"}}, {"model": "attendance_book.student", "pk": "sxxx01", "fields": {"person": 59, "class_num": 1}}, {"model": "attendance_book.student", "pk": "sxxx02", "fields": {"person": 3, "class_num": 2}}, {"model": "attendance_book.student", "pk": "sxxx03", "fields": {"person": 15, "class_num": 3}}, {"model": "attendance_book.student", "pk": "sxxx04", "fields": {"person": 42, "class_num": 4}}, {"model": "attendance_book.student", "pk": "sxxx05", "fields": {"person": 11, "class_num": 5}}, {"model": "attendance_book.student", "pk": "sxxx06", "fields": {"person": 16, "class_num": 6}}, {"model": "attendance_book.student", "pk": "sxxx07", "fields": {"person": 70, "class_num": 7}}, {"model": "attendance_book.student", "pk": "sxxx08", "fields": {"person": 22, "class_num": 8}}, {"model": "attendance_book.student", "pk": "sxxx09", "fields": {"person": 40, "class_num": 9}}, {"model": "attendance_book.student", "pk": "sxxx10", "fields": {"person": 38, "class_num": 10}}, {"model": "attendance_book.student", "pk": "sxxx11", "fields": {"person": 54, "class_num": 11}}, {"model": "attendance_book.student", "pk": "sxxx12", "fields": {"person": 5, "class_num": 12}}, {"model": "attendance_book.student", "pk": "sxxx13", "fields": {"person": 10, "class_num": 13}}, {"model": "attendance_book.student", "pk": "sxxx14", "fields": {"person": 25, "class_num": 14}}, {"model": "attendance_book.student", "pk": "sxxx15", "fields": {"person": 23, "class_num": 15}}, {"model": "attendance_book.student", "pk": "sxxx16", "fields": {"person": 46, "class_num": 16}}, {"model": "attendance_book.student", "pk": "sxxx17", "fields": {"person": 36, "class_num": 17}}, {"model": "attendance_book.student", "pk": "sxxx18", "fields": {"person": 43, "class_num": 18}}, {"model": "attendance_book.student", "pk": "sxxx19", "fields": {"person": 45, "class_num": 19}}, {"model": "attendance_book.student", "pk": "sxxx20", "fields": {"person": 30, "class_num": 20}}, {"model": "attendance_book.student", "pk": "sxxx21", "fields": {"person": 71, "class_num": 21}}, {"model": "attendance_book.student", "pk": "sxxx22", "fields": {"person": 24, "class_num": 22}}, {"model": "attendance_book.student", "pk": "sxxx23", "fields": {"person": 47, "class_num": 23}}, {"model": "attendance_book.student", "pk": "sxxx24", "fields": {"person": 55, "class_num": 24}}, {"model": "attendance_book.student", "pk": "sxxx25", "fields": {"person": 37, "class_num": 25}}, {"model": "attendance_book.student", "pk": "sxxx26", "fields": {"person": 1, "class_num": 26}}, {"model": "attendance_book.student", "pk": "sxxx27", "fields": {"person": 60, "class_num": 27}}, {"model": "attendance_book.student", "pk": "sxxx28", "fields": {"person": 26, "class_num": 28}}, {"model": "attendance_book.student", "pk": "sxxx29", "fields": {"person": 58, "class_num": 29}}, {"model": "attendance_book.student", "pk": "sxxx30", "fields": {"person": 13, "class_num": 30}}, {"model": "attendance_book.student", "pk": "sxxx31", "fields": {"person": 4, "class_num": 31}}, {"model": "attendance_book.student", "pk": "sxxx32", "fields": {"person": 61, "class_num": 32}}, {"model": "attendance_book.student", "pk": "sxxx33", "fields": {"person": 52, "class_num": 33}}, {"model": "attendance_book.student", "pk": "sxxx34", "fields": {"person": 31, "class_num": 34}}, {"model": "attendance_book.student", "pk": "sxxx35", "fields": {"person": 2, "class_num": 35}}, {"model": "attendance_book.student", "pk": "sxxx36", "fields": {"person": 21, "class_num": 36}}, {"model": "attendance_book.student", "pk": "sxxx37", "fields": {"person": 8, "class_num": 37}}, {"model": "attendance_book.student", "pk": "sxxx38", "fields": {"person": 51, "class_num": 38}}, {"model": "attendance_book.student", "pk": "sxxx39", "fields": {"person": 32, "class_num": 39}}, {"model": "attendance_book.student", "pk": "sxxx40", "fields": {"person": 27, "class_num": 40}}, {"model": "attendance_book.student", "pk": "sxxx41", "fields": {"person": 34, "class_num": 41}}, {"model": "attendance_book.student", "pk": "sxxx42", "fields": {"person": 48, "class_num": 42}}, {"model": "attendance_book.student", "pk": "sxxx43", "fields": {"person": 33, "class_num": 43}}, {"model": "attendance_book.student", "pk": "sxxx44", "fields": {"person": 57, "class_num": 44}}, {"model": "attendance_book.student", "pk": "sxxx45", "fields": {"person": 14, "class_num": 45}}, {"model": "attendance_book.student", "pk": "sxxx46", "fields": {"person": 7, "class_num": 46}}, {"model": "attendance_book.student", "pk": "sxxx47", "fields": {"person": 53, "class_num": 47}}, {"model": "attendance_book.student", "pk": "sxxx48", "fields": {"person": 56, "class_num": 48}}, {"model": "attendance_book.student", "pk": "sxxx49", "fields": {"person": 19, "class_num": 49}}, {"model": "attendance_book.student", "pk": "sxxx50", "fields": {"person": 35, "class_num": 50}}, {"model": "attendance_book.student", "pk": "sxxx51", "fields": {"person": 12, "class_num": 51}}, {"model": "attendance_book.student", "pk": "sxxx52", "fields": {"person": 17, "class_num": 52}}, {"model": "attendance_book.student", "pk": "sxxx53", "fields": {"person": 9, "class_num": 53}}, {"model": "attendance_book.student", "pk": "sxxx54", "fields": {"person": 50, "class_num": 54}}, {"model": "attendance_book.student", "pk": "sxxx55", "fields": {"person": 28, "class_num": 55}}, {"model": "attendance_book.student", "pk": "sxxx56", "fields": {"person": 39, "class_num": 56}}, {"model": "attendance_book.student", "pk": "sxxx57", "fields": {"person": 41, "class_num": 57}}, {"model": "attendance_book.student", "pk": "sxxx58", "fields": {"person": 20, "class_num": 58}}, {"model": "attendance_book.student", "pk": "sxxx59", "fields": {"person": 29, "class_num": 59}}, {"model": "attendance_book.student", "pk": "sxxx60", "fields": {"person": 49, "class_num": 60}}, {"model": "attendance_book.student", "pk": "sxxx61", "fields": {"person": 18, "class_num": 61}}, {"model": "attendance_book.student", "pk": "sxxx62", "fields": {"person": 6, "class_num": 62}}, {"model": "attendance_book.teacher", "pk": 1, "fields": {"person": 72}}, {"model": "attendance_book.teacher", "pk": 2, "fields": {"person": 73}}, {"model": "attendance_book.teacher", "pk": 3, "fields": {"person": 74}}, {"model": "attendance_book.teacher", "pk": 4, "fields": {"person": 75}}, {"model": "attendance_book.teacher", "pk": 5, "fields": {"person": 76}}, {"model": "attendance_book.teacher", "pk": 6, "fields": {"person": 77}}, {"model": "attendance_book.teacher", "pk": 7, "fields": {"person": 78}}, {"model": "attendance_book.teacher", "pk": 8, "fields": {"person": 79}}, {"model": "attendance_book.teacher", "pk": 9, "fields": {"person": 80}}, {"model": "attendance_book.teacher", "pk": 10, "fields": {"person": 81}}, {"model": "attendance_book.teacher", "pk": 11, "fields": {"person": 82}}, {"model": "attendance_book.teacher", "pk": 12, "fields": {"person": 83}}, {"model": "attendance_book.timetable", "pk": 1, "fields": {"subject": 1, "teacher": 3, "day_of_week": 0, "start_period": 0, "period_length": 0}}, {"model": "attendance_book.timetable", "pk": 2, "fields": {"subject": 2, "teacher": 1, "day_of_week": 0, "start_period": 3, "period_length": 6}}, {"model": "attendance_book.timetable", "pk": 3, "fields": {"subject": 3, "teacher": 10, "day_of_week": 1, "start_period": 1, "period_length": 2}}, {"model": "attendance_book.timetable", "pk": 4, "fields": {"subject": 4, "teacher": 9, "day_of_week": 1, "start_period": 3, "period_length": 2}}, {"model": "attendance_book.timetable", "pk": 5, "fields": {"subject": 5, "teacher": 5, "day_of_week": 1, "start_period": 5, "period_length": 2}}, {"model": "attendance_book.timetable", "pk": 6, "fields": {"subject": 6, "teacher": 2, "day_of_week": 1, "start_period": 7, "period_length": 2}}, {"model": "attendance_book.timetable", "pk": 7, "fields": {"subject": 7, "teacher": 7, "day_of_week": 2, "start_period": 5, "period_length": 2}}, {"model": "attendance_book.timetable", "pk": 8, "fields": {"subject": 8, "teacher": 6, "day_of_week": 3, "start_period": 1, "period_length": 2}}, {"model": "attendance_book.timetable", "pk": 9, "fields": {"subject": 9, "teacher": 7, "day_of_week": 3, "start_period": 3, "period_length": 2}}, {"model": "attendance_book.timetable", "pk": 10, "fields": {"subject": 10, "teacher": 1, "day_of_week": 3, "start_period": 5, "period_length": 2}}, {"model": "attendance_book.timetable", "pk": 11, "fields": {"subject": 11, "teacher": 4, "day_of_week": 3, "start_period": 7, "period_length": 2}}, {"model": "attendance_book.timetable", "pk": 12, "fields": {"subject": 12, "teacher": 8, "day_of_week": 4, "start_period": 1, "period_length": 2}}, {"model": "attendance_book.timetable", "pk": 13, "fields": {"subject": 13, "teacher": 11, "day_of_week": 4, "start_period": 3, "period_length": 2}}, {"model": "attendance_book.timetable", "pk": 14, "fields": {"subject": 14, "teacher": 12, "day_of_week": 4, "start_period": 5, "period_length": 2}}, {"model": "attendance_book.timetable", "pk": 15, "fields": {"subject": 1, "teacher": 3, "day_of_week": 1, "start_period": 0, "period_length": 0}}, {"model": "attendance_book.timetable", "pk": 16, "fields": {"subject": 1, "teacher": 3, "day_of_week": 2, "start_period": 0, "period_length": 0}}, {"model": "attendance_book.timetable", "pk": 17, "fields": {"subject": 1, "teacher": 3, "day_of_week": 3, "start_period": 0, "period_length": 0}}, {"model": "attendance_book.timetable", "pk": 18, "fields": {"subject": 1, "teacher": 3, "day_of_week": 4, "start_period": 0, "period_length": 0}}]