[{"model": "attendance_book.person", "pk": 1, "fields": {"name": "\u5c0f\u6797 \u76f4\u4eba", "email": "kobayashi@example.com"}}, {"model": "attendance_book.person", "pk": 2, "fields": {"name": "\u9234\u6728 \u5b88", "email": "suzuki@example.com"}}, {"model": "attendance_book.person", "pk": 3, "fields": {"name": "\u6c60\u7530 \u62d3\u4e5f", "email": "ikeda@example.com"}}, {"model": "attendance_book.person", "pk": 4, "fields": {"name": "\u67f4\u7530 \u5065", "email": "shibata@example.com"}}, {"model": "attendance_book.person", "pk": 5, "fields": {"name": "\u5927\u585a \u660e", "email": "ootsuka@example.com"}}, {"model": "attendance_book.person", "pk": 6, "fields": {"name": "\u6e21\u8fba \u8ce2", "email": "watanabe@example.com"}}, {"model": "attendance_book.person", "pk": 7, "fields": {"name": "\u4e2d\u6751 \u5b8f\u4e00", "email": "nakamura@example.com"}}, {"model": "attendance_book.person", "pk": 8, "fields": {"name": "\u9ad8\u6a4b \u53cb\u4e5f", "email": "takahashi@example.com"}}, {"model": "attendance_book.person", "pk": 9, "fields": {"name": "\u677e\u672c \u654f\u4e4b", "email": "matsumoto@example.com"}}, {"model": "attendance_book.person", "pk": 10, "fields": {"name": "\u5ca1\u7530 \u9686\u53f2", "email": "okada@example.com"}}, {"model": "attendance_book.person", "pk": 11, "fields": {"name": "\u77f3\u5ddd \u82f1\u4e00", "email": "ishikawa@example.com"}}, {"model": "attendance_book.person", "pk": 12, "fields": {"name": "\u85e4\u4e95 \u4e98", "email": "hujii@example.com"}}, {"model": "attendance_book.person", "pk": 13, "fields": {"name": "\u67f4 \u826f\u8f14", "email": "siba@example.com"}}, {"model": "attendance_book.person", "pk": 14, "fields": {"name": "\u4ef2\u5b97\u6839 \u6b63\u53f2", "email": "nakasone@example.com"}}, {"model": "attendance_book.person", "pk": 15, "fields": {"name": "\u4e95\u5742 \u4e00\u4ec1", "email": "isaka@example.com"}}, {"model": "attendance_book.person", "pk": 16, "fields": {"name": "\u4e00\u67f3 \u54f2", "email": "ichiyanagi@example.com"}}, {"model": "attendance_book.person", "pk": 17, "fields": {"name": "\u53e4\u5e02 \u53cb\u4e00", "email": "huruichi@example.com"}}, {"model": "attendance_book.person", "pk": 18, "fields": {"name": "\u82e5\u5c3e \u6643\u5f18", "email": "wakao@example.com"}}, {"model": "attendance_book.person", "pk": 19, "fields": {"name": "\u4ec1\u5e73 \u62d3\u99ac", "email": "nihei@example.com"}}, {"model": "attendance_book.person", "pk": 20, "fields": {"name": "\u5c71\u8c37 \u88d5", "email": "yamamoto@example.com"}}, {"model": "attendance_book.person", "pk": 21, "fields": {"name": "\u95a2\u5c71 \u609f\u53f2", "email": "sekiyama@example.com"}}, {"model": "attendance_book.person", "pk": 22, "fields": {"name": "\u5ca9\u5009 \u77e5\u5e83", "email": "iwakura@example.com"}}, {"model": "attendance_book.person", "pk": 23, "fields": {"name": "\u5ca1\u5c71 \u82f1\u8cb4", "email": "okayama@example.com"}}, {"model": "attendance_book.person", "pk": 24, "fields": {"name": "\u718a\u5d0e \u5fe0\u5f18", "email": "kumazaki@example.com"}}, {"model": "attendance_book.person", "pk": 25, "fields": {"name": "\u5ca1\u5b89 \u53f2\u4e5f", "email": "okayasu@example.com"}}, {"model": "attendance_book.person", "pk": 26, "fields": {"name": "\u5d14 \u7ae0\u4e00", "email": "sai@example.com"}}, {"model": "attendance_book.person", "pk": 27, "fields": {"name": "\u6d25\u5b88 \u6b63\u5b8f", "email": "tumori@example.com"}}, {"model": "attendance_book.person", "pk": 28, "fields": {"name": "\u7c7e\u5c71 \u6cf0\u5e78", "email": "momiyama@example.com"}}, {"model": "attendance_book.person", "pk": 29, "fields": {"name": "\u6a2a\u8c37 \u6b63\u5149", "email": "yokotani@example.com"}}, {"model": "attendance_book.person", "pk": 30, "fields": {"name": "\u5982\u6708 \u985e", "email": "kisaragi@example.com"}}, {"model": "attendance_book.person", "pk": 31, "fields": {"name": "\u8b1d \u6d69\u4e00", "email": "sha@example.com"}}, {"model": "attendance_book.person", "pk": 32, "fields": {"name": "\u8c37\u5ca1 \u9032\u592a\u90ce", "email": "tanioka@example.com"}}, {"model": "attendance_book.person", "pk": 33, "fields": {"name": "\u4e2d\u6c5f \u5eb7\u7d00", "email": "nakae@example.com"}}, {"model": "attendance_book.person", "pk": 34, "fields": {"name": "\u7167\u4e95 \u6d38\u4ecb", "email": "terui@example.com"}}, {"model": "attendance_book.person", "pk": 35, "fields": {"name": "\u8429\u91ce \u5b97\u5fb3", "email": "hagino@example.com"}}, {"model": "attendance_book.person", "pk": 36, "fields": {"name": "\u62bc\u5207 \u6d0b\u4eba", "email": "oshikiri@example.com"}}, {"model": "attendance_book.person", "pk": 37, "fields": {"name": "\u5c0f\u5712 \u6e05\u5b5d", "email": "kozono@example.com"}}, {"model": "attendance_book.person", "pk": 38, "fields": {"name": "\u6d77\u8001\u540d \u96c5\u7fa9", "email": "ebina@example.com"}}, {"model": "attendance_book.person", "pk": 39, "fields": {"name": "\u68ee\u6fa4 \u65e5\u51fa\u7537", "email": "morisawa@example.com"}}, {"model": "attendance_book.person", "pk": 40, "fields": {"name": "\u6885\u6ca2 \u6570\u99ac", "email": "umezawa@example.com"}}, {"model": "attendance_book.person", "pk": 41, "fields": {"name": "\u5c71\u5d5c \u535a\u8cb4", "email": "yamazaki@example.com"}}, {"model": "attendance_book.person", "pk": 42, "fields": {"name": "\u4f0a\u6fa4 \u3088\u3057\u3072\u308d", "email": "izawa@example.com"}}, {"model": "attendance_book.person", "pk": 43, "fields": {"name": "\u5ddd\u898b \u5f18\u6643", "email": "kawami@example.com"}}, {"model": "attendance_book.person", "pk": 44, "fields": {"name": "\u91cd\u5149 \u5fe0\u592b", "email": "sigemitu@example.com"}}, {"model": "attendance_book.person", "pk": 45, "fields": {"name": "\u5ddd\u6e80 \u6d69", "email": "kawamitu@example.com"}}, {"model": "attendance_book.person", "pk": 46, "fields": {"name": "\u837b\u7530 \u88d5\u5247", "email": "ogita@example.com"}}, {"model": "attendance_book.person", "pk": 47, "fields": {"name": "\u8349\u9593 \u826f\u5f70", "email": "kusama@example.com"}}, {"model": "attendance_book.person", "pk": 48, "fields": {"name": "\u5e38\u76e4 \u559c\u9686", "email": "tokiwa@example.com"}}, {"model": "attendance_book.person", "pk": 49, "fields": {"name": "\u4ee3\u7530 \u5c06\u4e00", "email": "yoda@example.com"}}, {"model": "attendance_book.person", "pk": 50, "fields": {"name": "\u4e09\u6ca2 \u4eab", "email": "misawa@example.com"}}, {"model": "attendance_book.person", "pk": 51, "fields": {"name": "\u7af9\u5ddd \u76f4\u6643", "email": "takekawa@example.com"}}, {"model": "attendance_book.person", "pk": 52, "fields": {"name": "\u767d\u8c37 \u5b97\u4e00", "email": "siratani@example.com"}}, {"model": "attendance_book.person", "pk": 53, "fields": {"name": "\u4ef2\u5c71 \u4f38\u4e4b\u4ecb", "email": "nakayama@example.com"}}, {"model": "attendance_book.person", "pk": 54, "fields": {"name": "\u5927\u5ddd\u539f \u96c5\u8cb4", "email": "ookawara@example.com"}}, {"model": "attendance_book.person", "pk": 55, "fields": {"name": "\u718a\u4ee3 \u79c0\u54c9", "email": "kumasiro@example.com"}}, {"model": "attendance_book.person", "pk": 56, "fields": {"name": "\u897f\u6797 \u5d07\u6643", "email": "nisibayasi@example.com"}}, {"model": "attendance_book.person", "pk": 57, "fields": {"name": "\u4e2d\u8def \u60a0\u4e00\u90ce", "email": "nakaji@example.com"}}, {"model": "attendance_book.person", "pk": 58, "fields": {"name": "\u5869\u6ca2 \u5927\u9053", "email": "siozawa@example.com"}}, {"model": "attendance_book.person", "pk": 59, "fields": {"name": "\u76f8\u6d66 \u6587\u5247", "email": "aiura@example.com"}}, {"model": "attendance_book.person", "pk": 60, "fields": {"name": "\u5b50\u5b89 \u8aa0\u592a\u90ce", "email": "koyasu@example.com"}}, {"model": "attendance_book.person", "pk": 61, "fields": {"name": "\u6f81\u6fa4 \u6587\u6b66", "email": "sibusawa@example.com"}}, {"model": "attendance_book.person", "pk": 70, "fields": {"name": "\u4eca\u5225\u5e9c \u5cb3\u58eb", "email": "imabeppu@example.com"}}, {"model": "attendance_book.person", "pk": 71, "fields": {"name": "\u9727\u5cf6 \u5584\u5b5d", "email": "kirisima@example.com"}}, {"model": "attendance_book.person", "pk": 72, "fields": {"name": "\u8d64\u5dba\u00a0\u559c\u535a", "email": "akamine@example.com"}}, {"model": "attendance_book.person", "pk": 73, "fields": {"name": "\u6709\u5143\u00a0\u52c7\u5e0c", "email": "arimoto@example.com"}}, {"model": "attendance_book.person", "pk": 74, "fields": {"name": "\u98ef\u6cc9\u00a0\u5e83\u5fd7", "email": "iizumi@example.com"}}, {"model": "attendance_book.person", "pk": 75, "fields": {"name": "\u5927\u8cab\u00a0\u4e45\u55e3", "email": "oonuki@example.com"}}, {"model": "attendance_book.person", "pk": 76, "fields": {"name": "\u6cb3\u4e95\u00a0\u8302\u4e45", "email": "kawai@example.com"}}, {"model": "attendance_book.person", "pk": 77, "fields": {"name": "\u5742\u8c37\u00a0\u5b5d\u5178", "email": "sakaya@example.com"}}, {"model": "attendance_book.person", "pk": 78, "fields": {"name": "\u6771\u90f7\u00a0\u5eb7\u4f38", "email": "tougou@example.com"}}, {"model": "attendance_book.person", "pk": 79, "fields": {"name": "\u8c4a\u539f\u00a0\u9054\u96c4", "email": "toyohara@example.com"}}, {"model": "attendance_book.person", "pk": 80, "fields": {"name": "\u897f\u677e\u00a0\u5229\u4e4b", "email": "nisimatu@example.com"}}, {"model": "attendance_book.person", "pk": 81, "fields": {"name": "\u5c71\u6728\u00a0\u654f\u96c4", "email": "yamaki@example.com"}}, {"model": "attendance_book.person", "pk": 82, "fields": {"name": "\u6851\u6751 \u4e00\u4e45", "email": "kuwamura@example.com"}}, {"model": "attendance_book.person", "pk": 83, "fields": {"name": "\u56db\u5bae \u7adc\u77e2", "email": "sinomiya@example.com"}}, {"model": "attendance_book.subject", "pk": 1, "fields": {"name": "HR"}}, {"model": "attendance_book.subject", "pk": 2, "fields": {"name": "\u5352\u696d\u7814\u7a76"}}, {"model": "attendance_book.subject", "pk": 3, "fields": {"name": "\u9078\u629e\u82f1\u8a9e"}}, {"model": "attendance_book.subject", "pk": 4, "fields": {"name": "\u30c7\u30a3\u30b8\u30bf\u30eb\u4fe1\u53f7\u51e6\u7406"}}, {"model": "attendance_book.subject", "pk": 5, "fields": {"name": "\u30c7\u30fc\u30bf\u30d9\u30fc\u30b9"}}, {"model": "attendance_book.subject", "pk": 6, "fields": {"name": "\u4f53\u80b2\u5b9f\u6280"}}, {"model": "attendance_book.subject", "pk": 7, "fields": {"name": "\u6570\u7406\u5de5\u5b66\u6982\u8ad6"}}, {"model": "attendance_book.subject", "pk": 8, "fields": {"name": "\u6280\u8853\u8005\u502b\u7406"}}, {"model": "attendance_book.subject", "pk": 9, "fields": {"name": "\u753b\u50cf\u51e6\u7406"}}, {"model": "attendance_book.subject", "pk": 10, "fields": {"name": "\u4eba\u5de5\u77e5\u80fd"}}, {"model": "attendance_book.subject", "pk": 11, "fields": {"name": "\u7d4c\u6e08\u5b66"}}, {"model": "attendance_book.subject", "pk": 12, "fields": {"name": "OS\u6982\u8ad6"}}, {"model": "attendance_book.subject", "pk": 13, "fields": {"name": "\u30d7\u30ed\u30b0\u30e9\u30df\u30f3\u30b0\u5fdc\u7528"}}, {"model": "attendance_book.subject", "pk": 14, "fields": {"name": "\u30bd\u30d5\u30c8\u30a6\u30a7\u30a2\u5de5\u5b66"}}, {"model": "attendance_book.student", "pk": "sxxx01", "fields": {"person": 59, "class_num": 1}}, {"model": "attendance_book.student", "pk": "sxxx02", "fields": {"person": 3, "class_num": 2}}, {"model": "attendance_book.student", "pk": "sxxx03", "fields": {"person": 15, "class_num": 3}}, {"model": "attendance_book.student", "pk": "sxxx04", "fields": {"person": 42, "class_num": 4}}, {"model": "attendance_book.student", "pk": "sxxx05", "fields": {"person": 11, "class_num": 5}}, {"model": "attendance_book.student", "pk": "sxxx06", "fields": {"person": 16, "class_num": 6}}, {"model": "attendance_book.student", "pk": "sxxx07", "fields": {"person": 70, "class_num": 7}}, {"model": "attendance_book.student", "pk": "sxxx08", "fields": {"person": 22, "class_num": 8}}, {"model": "attendance_book.student", "pk": "sxxx09", "fields": {"person": 40, "class_num": 9}}, {"model": "attendance_book.student", "pk": "sxxx10", "fields": {"person": 38, "class_num": 10}}, {"model": "attendance_book.student", "pk": "sxxx11", "fields": {"person": 54, "class_num": 11}}, {"model": "attendance_book.student", "pk": "sxxx12", "fields": {"person": 5, "class_num": 12}}, {"model": "attendance_book.student", "pk": "sxxx13", "fields": {"person": 10, "class_num": 13}}, {"model": "attendance_book.student", "pk": "sxxx14", "fields": {"person": 25, "class_num": 14}}, {"model": "attendance_book.student", "pk": "sxxx15", "fields": {"person": 23, "class_num": 15}}, {"model": "attendance_book.student", "pk": "sxxx16", "fields": {"person": 46, "class_num": 16}}, {"model": "attendance_book.student", "pk": "sxxx17", "fields": {"person": 36, "class_num": 17}}, {"model": "attendance_book.student", "pk": "sxxx18", "fields": {"person": 43, "class_num": 18}}, {"model": "attendance_book.student", "pk": "sxxx19", "fields": {"person": 45, "class_num": 19}}, {"model": "attendance_book.student", "pk": "sxxx20", "fields": {"person": 30, "class_num": 20}}, {"model": "attendance_book.student", "pk": "sxxx21", "fields": {"person": 71, "class_num": 21}}, {"model": "attendance_book.student", "pk": "sxxx22", "fields": {"person": 24, "class_num": 22}}, {"model": "attendance_book.student", "pk": "sxxx23", "fields": {"person": 47, "class_num": 23}}, {"model": "attendance_book.student", "pk": "sxxx24", "fields": {"person": 55, "class_num": 24}}, {"model": "attendance_book.student", "pk": "sxxx25", "fields": {"person": 37, "class_num": 25}}, {"model": "attendance_book.student", "pk": "sxxx26", "fields": {"person": 1, "class_num": 26}}, {"model": "attendance_book.student", "pk": "sxxx27", "fields": {"person": 60, "class_num": 27}}, {"model": "attendance_book.student", "pk": "sxxx28", "fields": {"person": 26, "class_num": 28}}, {"model": "attendance_book.student", "pk": "sxxx29", "fields": {"person": 58, "class_num": 29}}, {"model": "attendance_book.student", "pk": "sxxx30", "fields": {"person": 13, "class_num": 30}}, {"model": "attendance_book.student", "pk": "sxxx31", "fields": {"person": 4, "class_num": 31}}, {"model": "attendance_book.student", "pk": "sxxx32", "fields": {"person": 61, "class_num": 32}}, {"model": "attendance_book.student", "pk": "sxxx33", "fields": {"person": 52, "class_num": 33}}, {"model": "attendance_book.student", "pk": "sxxx34", "fields": {"person": 31, "class_num": 34}}, {"model": "attendance_book.student", "pk": "sxxx35", "fields": {"person": 2, "class_num": 35}}, {"model": "attendance_book.student", "pk": "sxxx36", "fields": {"person": 21, "class_num": 36}}, {"model": "attendance_book.student", "pk": "sxxx37", "fields": {"person": 8, "class_num": 37}}, {"model": "attendance_book.student", "pk": "sxxx38", "fields": {"person": 51, "class_num": 38}}, {"model": "attendance_book.student", "pk": "sxxx39", "fields": {"person": 32, "class_num": 39}}, {"model": "attendance_book.student", "pk": "sxxx40", "fields": {"person": 27, "class_num": 40}}, {"model": "attendance_book.student", "pk": "sxxx41", "fields": {"person": 34, "class_num": 41}}, {"model": "attendance_book.student", "pk": "sxxx42", "fields": {"person": 48, "class_num": 42}}, {"model": "attendance_book.student", "pk": "sxxx43", "fields": {"person": 33, "class_num": 43}}, {"model": "attendance_book.student", "pk": "sxxx44", "fields": {"person": 57, "class_num": 44}}, {"model": "attendance_book.student", "pk": "sxxx45", "fields": {"person": 14, "class_num": 45}}, {"model": "attendance_book.student", "pk": "sxxx46", "fields": {"person": 7, "class_num": 46}}, {"model": "attendance_book.student", "pk": "sxxx47", "fields": {"person": 53, "class_num": 47}}, {"model": "attendance_book.student", "pk": "sxxx48", "fields": {"person": 56, "class_num": 48}}, {"model": "attendance_book.student", "pk": "sxxx49", "fields": {"person": 19, "class_num": 49}}, {"model": "attendance_book.student", "pk": "sxxx50", "fields": {"person": 35, "class_num": 50}}, {"model": "attendance_book.student", "pk": "sxxx51", "fields": {"person": 12, "class_num": 51}}, {"model": "attendance_book.student", "pk": "sxxx52", "fields": {"person": 17, "class_num": 52}}, {"model": "attendance_book.student", "pk": "sxxx53", "fields": {"person": 9, "class_num": 53}}, {"model": "attendance_book.student", "pk": "sxxx54", "fields": {"person": 50, "class_num": 54}}, {"model": "attendance_book.student", "pk": "sxxx55", "fields": {"person": 28, "class_num": 55}}, {"model": "attendance_book.student", "pk": "sxxx56", "fields": {"person": 39, "class_num": 56}}, {"model": "attendance_book.student", "pk": "sxxx57", "fields": {"person": 41, "class_num": 57}}, {"model": "attendance_book.student", "pk": "sxxx58", "fields": {"person": 20, "class_num": 58}}, {"model": "attendance_book.student", "pk": "sxxx59", "fields": {"person": 29, "class_num": 59}}, {"model": "attendance_book.student", "pk": "sxxx60", "fields": {"person": 49, "class_num": 60}}, {"model": "attendance_book.student", "pk": "sxxx61", "fields": {"person": 18, "class_num": 61}}, {"model": "attendance_book.student", "pk": "sxxx62", "fields": {"person": 6, "class_num": 62}}, {"model": "attendance_book.teacher", "pk": 1, "fields": {"person": 72}}, {"model": "attendance_book.teacher", "pk": 2, "fields": {"person": 73}}, {"model": "attendance_book.teacher", "pk": 3, "fields": {"person": 74}}, {"model": "attendance_book.teacher", "pk": 4, "fields": {"person": 75}}, {"model": "attendance_book.teacher", "pk": 5, "fields": {"person": 76}}, {"model": "attendance_book.teacher", "pk": 6, "fields": {"person": 77}}, {"model": "attendance_book.teacher", "pk": 7, "fields": {"person": 78}}, {"model": "attendance_book.teacher", "pk": 8, "fields": {"person": 79}}, {"model": "attendance_book.teacher", "pk": 9, "fields": {"person": 80}}, {"model": "attendance_book.teacher", "pk": 10, "fields": {"person": 81}}, {"model": "attendance_book.teacher", "pk": 11, "fields": {"person": 82}}, {"model": "attendance_book.teacher", "pk": 12, "fields": {"person": 83}}, {"model": "attendance_book.timetable", "pk": 1, "fields": {"subject": 1, "teacher": 3, "day_of_week": 0, "start_period": 0, "period_length": 1}}, {"model": "attendance_book.timetable", "pk": 2, "fields": {"subject": 2, "teacher": 1, "day_of_week": 0, "start_period": 3, "period_length": 6}}, {"model": "attendance_book.timetable", "pk": 3, "fields": {"subject": 3, "teacher": 10, "day_of_week": 1, "start_period": 1, "period_length": 2}}, {"model": "attendance_book.timetable", "pk": 4, "fields": {"subject": 4, "teacher": 9, "day_of_week": 1, "start_period": 3, "period_length": 2}}, {"model": "attendance_book.timetable", "pk": 5, "fields": {"subject": 5, "teacher": 5, "day_of_week": 1, "start_period": 5, "period_length": 2}}, {"model": "attendance_book.timetable", "pk": 6, "fields": {"subject": 6, "teacher": 2, "day_of_week": 1, "start_period": 7, "period_length": 2}}, {"model": "attendance_book.timetable", "pk": 7, "fields": {"subject": 7, "teacher": 7, "day_of_week": 2, "start_period": 5, "period_length": 2}}, {"model": "attendance_book.timetable", "pk": 8, "fields": {"subject": 8, "teacher": 6, "day_of_week": 3, "start_period": 1, "period_length": 2}}, {"model": "attendance_book.timetable", "pk": 9, "fields": {"subject": 9, "teacher": 7, "day_of_week": 3, "start_period": 3, "period_length": 2}}, {"model": "attendance_book.timetable", "pk": 10, "fields": {"subject": 10, "teacher": 1, "day_of_week": 3, "start_period": 5, "period_length": 2}}, {"model": "attendance_book.timetable", "pk": 11, "fields": {"subject": 11, "teacher": 4, "day_of_week": 3, "start_period": 7, "period_length": 2}}, {"model": "attendance_book.timetable", "pk": 12, "fields": {"subject": 12, "teacher": 8, "day_of_week": 4, "start_period": 1, "period_length": 2}}, {"model": "attendance_book.timetable", "pk": 13, "fields": {"subject": 13, "teacher": 11, "day_of_week": 4, "start_period": 3, "period_length": 2}}, {"model": "attendance_book.timetable", "pk": 14, "fields": {"subject": 14, "teacher": 12, "day_of_week": 4, "start_period": 5, "period_length": 2}}, {"model": "attendance_book.timetable", "pk": 15, "fields": {"subject": 1, "teacher": 3, "day_of_week": 1, "start_period": 0, "period_length": 1}}, {"model": "attendance_book.timetable", "pk": 16, "fields": {"subject": 1, "teacher": 3, "day_of_week": 2, "start_period": 0, "period_length": 1}}, {"model": "attendance_book.timetable", "pk": 17, "fields": {"subject": 1, "teacher": 3, "day_of_week": 3, "start_period": 0, "period_length": 1}}, {"model": "attendance_book.timetable", "pk": 18, "fields": {"subject": 1, "teacher": 3, "day_of_week": 4, "start_period": 0, "period_length": 1}}, {"model": "attendance_book.attendance", "pk": 1, "fields": {"date": "2021-11-26", "period": 1, "student": "sxxx01", "teacher": 8, "subject": 12, "status": 0}}, {"model": "attendance_book.attendance", "pk": 2, "fields": {"date": "2021-11-26", "period": 2, "student": "sxxx01", "teacher": 8, "subject": 12, "status": 0}}, {"model": "attendance_book.attendance", "pk": 3, "fields": {"date": "2021-11-26", "period": 1, "student": "sxxx02", "teacher": 8, "subject": 12, "status": 0}}, {"model": "attendance_book.attendance", "pk": 4, "fields": {"date": "2021-11-26", "period": 2, "student": "sxxx02", "teacher": 8, "subject": 12, "status": 0}}, {"model": "attendance_book.attendance", "pk": 5, "fields": {"date": "2021-11-26", "period": 1, "student": "sxxx03", "teacher": 8, "subject": 12, "status": 0}}, {"model": "attendance_book.attendance", "pk": 6, "fields": {"date": "2021-11-26", "period": 2, "student": "sxxx03", "teacher": 8, "subject": 12, "status": 0}}, {"model": "attendance_book.attendance", "pk": 7, "fields": {"date": "2021-11-26", "period": 1, "student": "sxxx04", "teacher": 8, "subject": 12, "status": 0}}, {"model": "attendance_book.attendance", "pk": 8, "fields": {"date": "2021-11-26", "period": 2, "student": "sxxx04", "teacher": 8, "subject": 12, "status": 0}}, {"model": "attendance_book.attendance", "pk": 9, "fields": {"date": "2021-11-26", "period": 1, "student": "sxxx05", "teacher": 8, "subject": 12, "status": 0}}, {"model": "attendance_book.attendance", "pk": 10, "fields": {"date": "2021-11-26", "period": 2, "student": "sxxx05", "teacher": 8, "subject": 12, "status": 0}}, {"model": "attendance_book.attendance", "pk": 11, "fields": {"date": "2021-11-26", "period": 1, "student": "sxxx06", "teacher": 8, "subject": 12, "status": 0}}, {"model": "attendance_book.attendance", "pk": 12, "fields": {"date": "2021-11-26", "period": 2, "student": "sxxx06", "teacher": 8, "subject": 12, "status": 0}}, {"model": "attendance_book.attendance", "pk": 13, "fields": {"date": "2021-11-26", "period": 1, "student": "sxxx07", "teacher": 8, "subject": 12, "status": 0}}, {"model": "attendance_book.attendance", "pk": 14, "fields": {"date": "2021-11-26", "period": 2, "student": "sxxx07", "teacher": 8, "subject": 12, "status": 0}}, {"model": "attendance_book.attendance", "pk": 15, "fields": {"date": "2021-11-26", "period": 1, "student": "sxxx08", "teacher": 8, "subject": 12, "status": 0}}, {"model": "attendance_book.attendance", "pk": 16, "fields": {"date": "2021-11-26", "period": 2, "student": "sxxx08", "teacher": 8, "subject": 12, "status": 0}}, {"model": "attendance_book.attendance", "pk": 17, "fields": {"date": "2021-11-26", "period": 1, "student": "sxxx09", "teacher": 8, "subject": 12, "status": 0}}, {"model": "attendance_book.attendance", "pk": 18, "fields": {"date": "2021-11-26", "period": 2, "student": "sxxx09", "teacher": 8, "subject": 12, "status": 0}}, {"model": "attendance_book.attendance", "pk": 19, "fields": {"date": "2021-11-26", "period": 1, "student": "sxxx10", "teacher": 8, "subject": 12, "status": 0}}, {"model": "attendance_book.attendance", "pk": 20, "fields": {"date": "2021-11-26", "period": 2, "student": "sxxx10", "teacher": 8, "subject": 12, "status": 0}}, {"model": "attendance_book.attendance", "pk": 21, "fields": {"date": "2021-11-26", "period": 1, "student": "sxxx11", "teacher": 8, "subject": 12, "status": 0}}, {"model": "attendance_book.attendance", "pk": 22, "fields": {"date": "2021-11-26", "period": 2, "student": "sxxx11", "teacher": 8, "subject": 12, "status": 0}}, {"model": "attendance_book.attendance", "pk": 23, "fields": {"date": "2021-11-26", "period": 1, "student": "sxxx12", "teacher": 8, "subject": 12, "status": 0}}, {"model": "attendance_book.attendance", "pk": 24, "fields": {"date": "2021-11-26", "period": 2, "student": "sxxx12", "teacher": 8, "subject": 12, "status": 0}}, {"model": "attendance_book.attendance", "pk": 25, "fields": {"date": "2021-11-26", "period": 1, "student": "sxxx13", "teacher": 8, "subject": 12, "status": 0}}, {"model": "attendance_book.attendance", "pk": 26, "fields": {"date": "2021-11-26", "period": 2, "student": "sxxx13", "teacher": 8, "subject": 12, "status": 0}}, {"model": "attendance_book.attendance", "pk": 27, "fields": {"date": "2021-11-26", "period": 1, "student": "sxxx14", "teacher": 8, "subject": 12, "status": 0}}, {"model": "attendance_book.attendance", "pk": 28, "fields": {"date": "2021-11-26", "period": 2, "student": "sxxx14", "teacher": 8, "subject": 12, "status": 0}}, {"model": "attendance_book.attendance", "pk": 29, "fields": {"date": "2021-11-26", "period": 1, "student": "sxxx15", "teacher": 8, "subject": 12, "status": 0}}, {"model": "attendance_book.attendance", "pk": 30, "fields": {"date": "2021-11-26", "period": 2, "student": "sxxx15", "teacher": 8, "subject": 12, "status": 0}}, {"model": "attendance_book.attendance", "pk": 31, "fields": {"date": "2021-11-26", "period": 1, "student": "sxxx16", "teacher": 8, "subject": 12, "status": 0}}, {"model": "attendance_book.attendance", "pk": 32, "fields": {"date": "2021-11-26", "period": 2, "student": "sxxx16", "teacher": 8, "subject": 12, "status": 0}}, {"model": "attendance_book.attendance", "pk": 33, "fields": {"date": "2021-11-26", "period": 1, "student": "sxxx17", "teacher": 8, "subject": 12, "status": 0}}, {"model": "attendance_book.attendance", "pk": 34, "fields": {"date": "2021-11-26", "period": 2, "student": "sxxx17", "teacher": 8, "subject": 12, "status": 0}}, {"model": "attendance_book.attendance", "pk": 35, "fields": {"date": "2021-11-26", "period": 1, "student": "sxxx18", "teacher": 8, "subject": 12, "status": 0}}, {"model": "attendance_book.attendance", "pk": 36, "fields": {"date": "2021-11-26", "period": 2, "student": "sxxx18", "teacher": 8, "subject": 12, "status": 0}}, {"model": "attendance_book.attendance", "pk": 37, "fields": {"date": "2021-11-26", "period": 1, "student": "sxxx19", "teacher": 8, "subject": 12, "status": 0}}, {"model": "attendance_book.attendance", "pk": 38, "fields": {"date": "2021-11-26", "period": 2, "student": "sxxx19", "teacher": 8, "subject": 12, "status": 0}}, {"model": "attendance_book.attendance", "pk": 39, "fields": {"date": "2021-11-26", "period": 1, "student": "sxxx20", "teacher": 8, "subject": 12, "status": 0}}, {"model": "attendance_book.attendance", "pk": 40, "fields": {"date": "2021-11-26", "period": 2, "student": "sxxx20", "teacher": 8, "subject": 12, "status": 0}}, {"model": "attendance_book.attendance", "pk": 41, "fields": {"date": "2021-11-26", "period": 1, "student": "sxxx21", "teacher": 8, "subject": 12, "status": 0}}, {"model": "attendance_book.attendance", "pk": 42, "fields": {"date": "2021-11-26", "period": 2, "student": "sxxx21", "teacher": 8, "subject": 12, "status": 0}}, {"model": "attendance_book.attendance", "pk": 43, "fields": {"date": "2021-11-26", "period": 1, "student": "sxxx22", "teacher": 8, "subject": 12, "status": 0}}, {"model": "attendance_book.attendance", "pk": 44, "fields": {"date": "2021-11-26", "period": 2, "student": "sxxx22", "teacher": 8, "subject": 12, "status": 0}}, {"model": "attendance_book.attendance", "pk": 45, "fields": {"date": "2021-11-26", "period": 1, "student": "sxxx23", "teacher": 8, "subject": 12, "status": 0}}, {"model": "attendance_book.attendance", "pk": 46, "fields": {"date": "2021-11-26", "period": 2, "student": "sxxx23", "teacher": 8, "subject": 12, "status": 0}}, {"model": "attendance_book.attendance", "pk": 47, "fields": {"date": "2021-11-26", "period": 1, "student": "sxxx24", "teacher": 8, "subject": 12, "status": 0}}, {"model": "attendance_book.attendance", "pk": 48, "fields": {"date": "2021-11-26", "period": 2, "student": "sxxx24", "teacher": 8, "subject": 12, "status": 0}}, {"model": "attendance_book.attendance", "pk": 49, "fields": {"date": "2021-11-26", "period": 1, "student": "sxxx25", "teacher": 8, "subject": 12, "status": 0}}, {"model": "attendance_book.attendance", "pk": 50, "fields": {"date": "2021-11-26", "period": 2, "student": "sxxx25", "teacher": 8, "subject": 12, "status": 0}}, {"model": "attendance_book.attendance", "pk": 51, "fields": {"date": "2021-11-26", "period": 1, "student": "sxxx26", "teacher": 8, "subject": 12, "status": 0}}, {"model": "attendance_book.attendance", "pk": 52, "fields": {"date": "2021-11-26", "period": 2, "student": "sxxx26", "teacher": 8, "subject": 12, "status": 0}}, {"model": "attendance_book.attendance", "pk": 53, "fields": {"date": "2021-11-26", "period": 1, "student": "sxxx27", "teacher": 8, "subject": 12, "status": 0}}, {"model": "attendance_book.attendance", "pk": 54, "fields": {"date": "2021-11-26", "period": 2, "student": "sxxx27", "teacher": 8, "subject": 12, "status": 0}}, {"model": "attendance_book.attendance", "pk": 55, "fields": {"date": "2021-11-26", "period": 1, "student": "sxxx28", "teacher": 8, "subject": 12, "status": 0}}, {"model": "attendance_book.attendance", "pk": 56, "fields": {"date": "2021-11-26", "period": 2, "student": "sxxx28", "teacher": 8, "subject": 12, "status": 0}}, {"model": "attendance_book.attendance", "pk": 57, "fields": {"date": "2021-11-26", "period": 1, "student": "sxxx29", "teacher": 8, "subject": 12, "status": 0}}, {"model": "attendance_book.attendance", "pk": 58, "fields": {"date": "2021-11-26", "period": 2, "student": "sxxx29", "teacher": 8, "subject": 12, "status": 0}}, {"model": "attendance_book.attendance", "pk": 59, "fields": {"date": "2021-11-26", "period": 1, "student": "sxxx30", "teacher": 8, "subject": 12, "status": 0}}, {"model": "attendance_book.attendance", "pk": 60, "fields": {"date": "2021-11-26", "period": 2, "student": "sxxx30", "teacher": 8, "subject": 12, "status": 0}}, {"model": "attendance_book.attendance", "pk": 61, "fields": {"date": "2021-11-26", "period": 1, "student": "sxxx31", "teacher": 8, "subject": 12, "status": 0}}, {"model": "attendance_book.attendance", "pk": 62, "fields": {"date": "2021-11-26", "period": 2, "student": "sxxx31", "teacher": 8, "subject": 12, "status": 0}}, {"model": "attendance_book.attendance", "pk": 63, "fields": {"date": "2021-11-26", "period": 1, "student": "sxxx32", "teacher": 8, "subject": 12, "status": 0}}, {"model": "attendance_book.attendance", "pk": 64, "fields": {"date": "2021-11-26", "period": 2, "student": "sxxx32", "teacher": 8, "subject": 12, "status": 0}}, {"model": "attendance_book.attendance", "pk": 65, "fields": {"date": "2021-11-26", "period": 1, "student": "sxxx33", "teacher": 8, "subject": 12, "status": 0}}, {"model": "attendance_book.attendance", "pk": 66, "fields": {"date": "2021-11-26", "period": 2, "student": "sxxx33", "teacher": 8, "subject": 12, "status": 0}}, {"model": "attendance_book.attendance", "pk": 67, "fields": {"date": "2021-11-26", "period": 1, "student": "sxxx34", "teacher": 8, "subject": 12, "status": 0}}, {"model": "attendance_book.attendance", "pk": 68, "fields": {"date": "2021-11-26", "period": 2, "student": "sxxx34", "teacher": 8, "subject": 12, "status": 0}}, {"model": "attendance_book.attendance", "pk": 69, "fields": {"date": "2021-11-26", "period": 1, "student": "sxxx35", "teacher": 8, "subject": 12, "status": 0}}, {"model": "attendance_book.attendance", "pk": 70, "fields": {"date": "2021-11-26", "period": 2, "student": "sxxx35", "teacher": 8, "subject": 12, "status": 0}}, {"model": "attendance_book.attendance", "pk": 71, "fields": {"date": "2021-11-26", "period": 1, "student": "sxxx36", "teacher": 8, "subject": 12, "status": 0}}, {"model": "attendance_book.attendance", "pk": 72, "fields": {"date": "2021-11-26", "period": 2, "student": "sxxx36", "teacher": 8, "subject": 12, "status": 0}}, {"model": "attendance_book.attendance", "pk": 73, "fields": {"date": "2021-11-26", "period": 1, "student": "sxxx37", "teacher": 8, "subject": 12, "status": 0}}, {"model": "attendance_book.attendance", "pk": 74, "fields": {"date": "2021-11-26", "period": 2, "student": "sxxx37", "teacher": 8, "subject": 12, "status": 0}}, {"model": "attendance_book.attendance", "pk": 75, "fields": {"date": "2021-11-26", "period": 1, "student": "sxxx38", "teacher": 8, "subject": 12, "status": 0}}, {"model": "attendance_book.attendance", "pk": 76, "fields": {"date": "2021-11-26", "period": 2, "student": "sxxx38", "teacher": 8, "subject": 12, "status": 0}}, {"model": "attendance_book.attendance", "pk": 77, "fields": {"date": "2021-11-26", "period": 1, "student": "sxxx39", "teacher": 8, "subject": 12, "status": 0}}, {"model": "attendance_book.attendance", "pk": 78, "fields": {"date": "2021-11-26", "period": 2, "student": "sxxx39", "teacher": 8, "subject": 12, "status": 0}}, {"model": "attendance_book.attendance", "pk": 79, "fields": {"date": "2021-11-26", "period": 1, "student": "sxxx40", "teacher": 8, "subject": 12, "status": 0}}, {"model": "attendance_book.attendance", "pk": 80, "fields": {"date": "2021-11-26", "period": 2, "student": "sxxx40", "teacher": 8, "subject": 12, "status": 0}}, {"model": "attendance_book.attendance", "pk": 81, "fields": {"date": "2021-11-26", "period": 1, "student": "sxxx41", "teacher": 8, "subject": 12, "status": 0}}, {"model": "attendance_book.attendance", "pk": 82, "fields": {"date": "2021-11-26", "period": 2, "student": "sxxx41", "teacher": 8, "subject": 12, "status": 0}}, {"model": "attendance_book.attendance", "pk": 83, "fields": {"date": "2021-11-26", "period": 1, "student": "sxxx42", "teacher": 8, "subject": 12, "status": 0}}, {"model": "attendance_book.attendance", "pk": 84, "fields": {"date": "2021-11-26", "period": 2, "student": "sxxx42", "teacher": 8, "subject": 12, "status": 0}}, {"model": "attendance_book.attendance", "pk": 85, "fields": {"date": "2021-11-26", "period": 1, "student": "sxxx43", "teacher": 8, "subject": 12, "status": 0}}, {"model": "attendance_book.attendance", "pk": 86, "fields": {"date": "2021-11-26", "period": 2, "student": "sxxx43", "teacher": 8, "subject": 12, "status": 0}}, {"model": "attendance_book.attendance", "pk": 87, "fields": {"date": "2021-11-26", "period": 1, "student": "sxxx44", "teacher": 8, "subject": 12, "status": 0}}, {"model": "attendance_book.attendance", "pk": 88, "fields": {"date": "2021-11-26", "period": 2, "student": "sxxx44", "teacher": 8, "subject": 12, "status": 0}}, {"model": "attendance_book.attendance", "pk": 89, "fields": {"date": "2021-11-26", "period": 1, "student": "sxxx45", "teacher": 8, "subject": 12, "status": 0}}, {"model": "attendance_book.attendance", "pk": 90, "fields": {"date": "2021-11-26", "period": 2, "student": "sxxx45", "teacher": 8, "subject": 12, "status": 0}}, {"model": "attendance_book.attendance", "pk": 91, "fields": {"date": "2021-11-26", "period": 1, "student": "sxxx46", "teacher": 8, "subject": 12, "status": 0}}, {"model": "attendance_book.attendance", "pk": 92, "fields": {"date": "2021-11-26", "period": 2, "student": "sxxx46", "teacher": 8, "subject": 12, "status": 0}}, {"model": "attendance_book.attendance", "pk": 93, "fields": {"date": "2021-11-26", "period": 1, "student": "sxxx47", "teacher": 8, "subject": 12, "status": 0}}, {"model": "attendance_book.attendance", "pk": 94, "fields": {"date": "2021-11-26", "period": 2, "student": "sxxx47", "teacher": 8, "subject": 12, "status": 0}}, {"model": "attendance_book.attendance", "pk": 95, "fields": {"date": "2021-11-26", "period": 1, "student": "sxxx48", "teacher": 8, "subject": 12, "status": 0}}, {"model": "attendance_book.attendance", "pk": 96, "fields": {"date": "2021-11-26", "period": 2, "student": "sxxx48", "teacher": 8, "subject": 12, "status": 0}}, {"model": "attendance_book.attendance", "pk": 97, "fields": {"date": "2021-11-26", "period": 1, "student": "sxxx49", "teacher": 8, "subject": 12, "status": 0}}, {"model": "attendance_book.attendance", "pk": 98, "fields": {"date": "2021-11-26", "period": 2, "student": "sxxx49", "teacher": 8, "subject": 12, "status": 0}}, {"model": "attendance_book.attendance", "pk": 99, "fields": {"date": "2021-11-26", "period": 1, "student": "sxxx50", "teacher": 8, "subject": 12, "status": 0}}, {"model": "attendance_book.attendance", "pk": 100, "fields": {"date": "2021-11-26", "period": 2, "student": "sxxx50", "teacher": 8, "subject": 12, "status": 0}}, {"model": "attendance_book.attendance", "pk": 101, "fields": {"date": "2021-11-26", "period": 1, "student": "sxxx51", "teacher": 8, "subject": 12, "status": 0}}, {"model": "attendance_book.attendance", "pk": 102, "fields": {"date": "2021-11-26", "period": 2, "student": "sxxx51", "teacher": 8, "subject": 12, "status": 0}}, {"model": "attendance_book.attendance", "pk": 103, "fields": {"date": "2021-11-26", "period": 1, "student": "sxxx52", "teacher": 8, "subject": 12, "status": 0}}, {"model": "attendance_book.attendance", "pk": 104, "fields": {"date": "2021-11-26", "period": 2, "student": "sxxx52", "teacher": 8, "subject": 12, "status": 0}}, {"model": "attendance_book.attendance", "pk": 105, "fields": {"date": "2021-11-26", "period": 1, "student": "sxxx53", "teacher": 8, "subject": 12, "status": 0}}, {"model": "attendance_book.attendance", "pk": 106, "fields": {"date": "2021-11-26", "period": 2, "student": "sxxx53", "teacher": 8, "subject": 12, "status": 0}}, {"model": "attendance_book.attendance", "pk": 107, "fields": {"date": "2021-11-26", "period": 1, "student": "sxxx54", "teacher": 8, "subject": 12, "status": 0}}, {"model": "attendance_book.attendance", "pk": 108, "fields": {"date": "2021-11-26", "period": 2, "student": "sxxx54", "teacher": 8, "subject": 12, "status": 0}}, {"model": "attendance_book.attendance", "pk": 109, "fields": {"date": "2021-11-26", "period": 1, "student": "sxxx55", "teacher": 8, "subject": 12, "status": 0}}, {"model": "attendance_book.attendance", "pk": 110, "fields": {"date": "2021-11-26", "period": 2, "student": "sxxx55", "teacher": 8, "subject": 12, "status": 0}}, {"model": "attendance_book.attendance", "pk": 111, "fields": {"date": "2021-11-26", "period": 1, "student": "sxxx56", "teacher": 8, "subject": 12, "status": 0}}, {"model": "attendance_book.attendance", "pk": 112, "fields": {"date": "2021-11-26", "period": 2, "student": "sxxx56", "teacher": 8, "subject": 12, "status": 0}}, {"model": "attendance_book.attendance", "pk": 113, "fields": {"date": "2021-11-26", "period": 1, "student": "sxxx57", "teacher": 8, "subject": 12, "status": 0}}, {"model": "attendance_book.attendance", "pk": 114, "fields": {"date": "2021-11-26", "period": 2, "student": "sxxx57", "teacher": 8, "subject": 12, "status": 0}}, {"model": "attendance_book.attendance", "pk": 115, "fields": {"date": "2021-11-26", "period": 1, "student": "sxxx58", "teacher": 8, "subject": 12, "status": 0}}, {"model": "attendance_book.attendance", "pk": 116, "fields": {"date": "2021-11-26", "period": 2, "student": "sxxx58", "teacher": 8, "subject": 12, "status": 0}}, {"model": "attendance_book.attendance", "pk": 117, "fields": {"date": "2021-11-26", "period": 1, "student": "sxxx59", "teacher": 8, "subject": 12, "status": 0}}, {"model": "attendance_book.attendance", "pk": 118, "fields": {"date": "2021-11-26", "period": 2, "student": "sxxx59", "teacher": 8, "subject": 12, "status": 0}}, {"model": "attendance_book.attendance", "pk": 119, "fields": {"date": "2021-11-26", "period": 1, "student": "sxxx60", "teacher": 8, "subject": 12, "status": 0}}, {"model": "attendance_book.attendance", "pk": 120, "fields": {"date": "2021-11-26", "period": 2, "student": "sxxx60", "teacher": 8, "subject": 12, "status": 0}}, {"model": "attendance_book.attendance", "pk": 121, "fields": {"date": "2021-11-26", "period": 1, "student": "sxxx61", "teacher": 8, "subject": 12, "status": 0}}, {"model": "attendance_book.attendance", "pk": 122, "fields": {"date": "2021-11-26", "period": 2, "student": "sxxx61", "teacher": 8, "subject": 12, "status": 0}}, {"model": "attendance_book.attendance", "pk": 123, "fields": {"date": "2021-11-26", "period": 1, "student": "sxxx62", "teacher": 8, "subject": 12, "status": 0}}, {"model": "attendance_book.attendance", "pk": 124, "fields": {"date": "2021-11-26", "period": 2, "student": "sxxx62", "teacher": 8, "subject": 12, "status": 0}}, {"model": "attendance_book.attendance", "pk": 125, "fields": {"date": "2021-11-26", "period": 3, "student": "sxxx01", "teacher": 11, "subject": 13, "status": 0}}, {"model": "attendance_book.attendance", "pk": 126, "fields": {"date": "2021-11-26", "period": 4, "student": "sxxx01", "teacher": 11, "subject": 13, "status": 0}}, {"model": "attendance_book.attendance", "pk": 127, "fields": {"date": "2021-11-26", "period": 3, "student": "sxxx02", "teacher": 11, "subject": 13, "status": 0}}, {"model": "attendance_book.attendance", "pk": 128, "fields": {"date": "2021-11-26", "period": 4, "student": "sxxx02", "teacher": 11, "subject": 13, "status": 0}}, {"model": "attendance_book.attendance", "pk": 129, "fields": {"date": "2021-11-26", "period": 3, "student": "sxxx03", "teacher": 11, "subject": 13, "status": 0}}, {"model": "attendance_book.attendance", "pk": 130, "fields": {"date": "2021-11-26", "period": 4, "student": "sxxx03", "teacher": 11, "subject": 13, "status": 0}}, {"model": "attendance_book.attendance", "pk": 131, "fields": {"date": "2021-11-26", "period": 3, "student": "sxxx04", "teacher": 11, "subject": 13, "status": 0}}, {"model": "attendance_book.attendance", "pk": 132, "fields": {"date": "2021-11-26", "period": 4, "student": "sxxx04", "teacher": 11, "subject": 13, "status": 0}}, {"model": "attendance_book.attendance", "pk": 133, "fields": {"date": "2021-11-26", "period": 3, "student": "sxxx05", "teacher": 11, "subject": 13, "status": 0}}, {"model": "attendance_book.attendance", "pk": 134, "fields": {"date": "2021-11-26", "period": 4, "student": "sxxx05", "teacher": 11, "subject": 13, "status": 0}}, {"model": "attendance_book.attendance", "pk": 135, "fields": {"date": "2021-11-26", "period": 3, "student": "sxxx06", "teacher": 11, "subject": 13, "status": 0}}, {"model": "attendance_book.attendance", "pk": 136, "fields": {"date": "2021-11-26", "period": 4, "student": "sxxx06", "teacher": 11, "subject": 13, "status": 0}}, {"model": "attendance_book.attendance", "pk": 137, "fields": {"date": "2021-11-26", "period": 3, "student": "sxxx07", "teacher": 11, "subject": 13, "status": 0}}, {"model": "attendance_book.attendance", "pk": 138, "fields": {"date": "2021-11-26", "period": 4, "student": "sxxx07", "teacher": 11, "subject": 13, "status": 0}}, {"model": "attendance_book.attendance", "pk": 139, "fields": {"date": "2021-11-26", "period": 3, "student": "sxxx08", "teacher": 11, "subject": 13, "status": 0}}, {"model": "attendance_book.attendance", "pk": 140, "fields": {"date": "2021-11-26", "period": 4, "student": "sxxx08", "teacher": 11, "subject": 13, "status": 0}}, {"model": "attendance_book.attendance", "pk": 141, "fields": {"date": "2021-11-26", "period": 3, "student": "sxxx09", "teacher": 11, "subject": 13, "status": 0}}, {"model": "attendance_book.attendance", "pk": 142, "fields": {"date": "2021-11-26", "period": 4, "student": "sxxx09", "teacher": 11, "subject": 13, "status": 0}}, {"model": "attendance_book.attendance", "pk": 143, "fields": {"date": "2021-11-26", "period": 3, "student": "sxxx10", "teacher": 11, "subject": 13, "status": 0}}, {"model": "attendance_book.attendance", "pk": 144, "fields": {"date": "2021-11-26", "period": 4, "student": "sxxx10", "teacher": 11, "subject": 13, "status": 0}}, {"model": "attendance_book.attendance", "pk": 145, "fields": {"date": "2021-11-26", "period": 3, "student": "sxxx11", "teacher": 11, "subject": 13, "status": 0}}, {"model": "attendance_book.attendance", "pk": 146, "fields": {"date": "2021-11-26", "period": 4, "student": "sxxx11", "teacher": 11, "subject": 13, "status": 0}}, {"model": "attendance_book.attendance", "pk": 147, "fields": {"date": "2021-11-26", "period": 3, "student": "sxxx12", "teacher": 11, "subject": 13, "status": 0}}, {"model": "attendance_book.attendance", "pk": 148, "fields": {"date": "2021-11-26", "period": 4, "student": "sxxx12", "teacher": 11, "subject": 13, "status": 0}}, {"model": "attendance_book.attendance", "pk": 149, "fields": {"date": "2021-11-26", "period": 3, "student": "sxxx13", "teacher": 11, "subject": 13, "status": 0}}, {"model": "attendance_book.attendance", "pk": 150, "fields": {"date": "2021-11-26", "period": 4, "student": "sxxx13", "teacher": 11, "subject": 13, "status": 0}}, {"model": "attendance_book.attendance", "pk": 151, "fields": {"date": "2021-11-26", "period": 3, "student": "sxxx14", "teacher": 11, "subject": 13, "status": 0}}, {"model": "attendance_book.attendance", "pk": 152, "fields": {"date": "2021-11-26", "period": 4, "student": "sxxx14", "teacher": 11, "subject": 13, "status": 0}}, {"model": "attendance_book.attendance", "pk": 153, "fields": {"date": "2021-11-26", "period": 3, "student": "sxxx15", "teacher": 11, "subject": 13, "status": 0}}, {"model": "attendance_book.attendance", "pk": 154, "fields": {"date": "2021-11-26", "period": 4, "student": "sxxx15", "teacher": 11, "subject": 13, "status": 0}}, {"model": "attendance_book.attendance", "pk": 155, "fields": {"date": "2021-11-26", "period": 3, "student": "sxxx16", "teacher": 11, "subject": 13, "status": 0}}, {"model": "attendance_book.attendance", "pk": 156, "fields": {"date": "2021-11-26", "period": 4, "student": "sxxx16", "teacher": 11, "subject": 13, "status": 0}}, {"model": "attendance_book.attendance", "pk": 157, "fields": {"date": "2021-11-26", "period": 3, "student": "sxxx17", "teacher": 11, "subject": 13, "status": 0}}, {"model": "attendance_book.attendance", "pk": 158, "fields": {"date": "2021-11-26", "period": 4, "student": "sxxx17", "teacher": 11, "subject": 13, "status": 0}}, {"model": "attendance_book.attendance", "pk": 159, "fields": {"date": "2021-11-26", "period": 3, "student": "sxxx18", "teacher": 11, "subject": 13, "status": 0}}, {"model": "attendance_book.attendance", "pk": 160, "fields": {"date": "2021-11-26", "period": 4, "student": "sxxx18", "teacher": 11, "subject": 13, "status": 0}}, {"model": "attendance_book.attendance", "pk": 161, "fields": {"date": "2021-11-26", "period": 3, "student": "sxxx19", "teacher": 11, "subject": 13, "status": 0}}, {"model": "attendance_book.attendance", "pk": 162, "fields": {"date": "2021-11-26", "period": 4, "student": "sxxx19", "teacher": 11, "subject": 13, "status": 0}}, {"model": "attendance_book.attendance", "pk": 163, "fields": {"date": "2021-11-26", "period": 3, "student": "sxxx20", "teacher": 11, "subject": 13, "status": 0}}, {"model": "attendance_book.attendance", "pk": 164, "fields": {"date": "2021-11-26", "period": 4, "student": "sxxx20", "teacher": 11, "subject": 13, "status": 0}}, {"model": "attendance_book.attendance", "pk": 165, "fields": {"date": "2021-11-26", "period": 3, "student": "sxxx21", "teacher": 11, "subject": 13, "status": 0}}, {"model": "attendance_book.attendance", "pk": 166, "fields": {"date": "2021-11-26", "period": 4, "student": "sxxx21", "teacher": 11, "subject": 13, "status": 0}}, {"model": "attendance_book.attendance", "pk": 167, "fields": {"date": "2021-11-26", "period": 3, "student": "sxxx22", "teacher": 11, "subject": 13, "status": 0}}, {"model": "attendance_book.attendance", "pk": 168, "fields": {"date": "2021-11-26", "period": 4, "student": "sxxx22", "teacher": 11, "subject": 13, "status": 0}}, {"model": "attendance_book.attendance", "pk": 169, "fields": {"date": "2021-11-26", "period": 3, "student": "sxxx23", "teacher": 11, "subject": 13, "status": 0}}, {"model": "attendance_book.attendance", "pk": 170, "fields": {"date": "2021-11-26", "period": 4, "student": "sxxx23", "teacher": 11, "subject": 13, "status": 0}}, {"model": "attendance_book.attendance", "pk": 171, "fields": {"date": "2021-11-26", "period": 3, "student": "sxxx24", "teacher": 11, "subject": 13, "status": 0}}, {"model": "attendance_book.attendance", "pk": 172, "fields": {"date": "2021-11-26", "period": 4, "student": "sxxx24", "teacher": 11, "subject": 13, "status": 0}}, {"model": "attendance_book.attendance", "pk": 173, "fields": {"date": "2021-11-26", "period": 3, "student": "sxxx25", "teacher": 11, "subject": 13, "status": 0}}, {"model": "attendance_book.attendance", "pk": 174, "fields": {"date": "2021-11-26", "period": 4, "student": "sxxx25", "teacher": 11, "subject": 13, "status": 0}}, {"model": "attendance_book.attendance", "pk": 175, "fields": {"date": "2021-11-26", "period": 3, "student": "sxxx26", "teacher": 11, "subject": 13, "status": 0}}, {"model": "attendance_book.attendance", "pk": 176, "fields": {"date": "2021-11-26", "period": 4, "student": "sxxx26", "teacher": 11, "subject": 13, "status": 0}}, {"model": "attendance_book.attendance", "pk": 177, "fields": {"date": "2021-11-26", "period": 3, "student": "sxxx27", "teacher": 11, "subject": 13, "status": 0}}, {"model": "attendance_book.attendance", "pk": 178, "fields": {"date": "2021-11-26", "period": 4, "student": "sxxx27", "teacher": 11, "subject": 13, "status": 0}}, {"model": "attendance_book.attendance", "pk": 179, "fields": {"date": "2021-11-26", "period": 3, "student": "sxxx28", "teacher": 11, "subject": 13, "status": 0}}, {"model": "attendance_book.attendance", "pk": 180, "fields": {"date": "2021-11-26", "period": 4, "student": "sxxx28", "teacher": 11, "subject": 13, "status": 0}}, {"model": "attendance_book.attendance", "pk": 181, "fields": {"date": "2021-11-26", "period": 3, "student": "sxxx29", "teacher": 11, "subject": 13, "status": 0}}, {"model": "attendance_book.attendance", "pk": 182, "fields": {"date": "2021-11-26", "period": 4, "student": "sxxx29", "teacher": 11, "subject": 13, "status": 0}}, {"model": "attendance_book.attendance", "pk": 183, "fields": {"date": "2021-11-26", "period": 3, "student": "sxxx30", "teacher": 11, "subject": 13, "status": 0}}, {"model": "attendance_book.attendance", "pk": 184, "fields": {"date": "2021-11-26", "period": 4, "student": "sxxx30", "teacher": 11, "subject": 13, "status": 0}}, {"model": "attendance_book.attendance", "pk": 185, "fields": {"date": "2021-11-26", "period": 3, "student": "sxxx31", "teacher": 11, "subject": 13, "status": 0}}, {"model": "attendance_book.attendance", "pk": 186, "fields": {"date": "2021-11-26", "period": 4, "student": "sxxx31", "teacher": 11, "subject": 13, "status": 0}}, {"model": "attendance_book.attendance", "pk": 187, "fields": {"date": "2021-11-26", "period": 3, "student": "sxxx32", "teacher": 11, "subject": 13, "status": 0}}, {"model": "attendance_book.attendance", "pk": 188, "fields": {"date": "2021-11-26", "period": 4, "student": "sxxx32", "teacher": 11, "subject": 13, "status": 0}}, {"model": "attendance_book.attendance", "pk": 189, "fields": {"date": "2021-11-26", "period": 3, "student": "sxxx33", "teacher": 11, "subject": 13, "status": 0}}, {"model": "attendance_book.attendance", "pk": 190, "fields": {"date": "2021-11-26", "period": 4, "student": "sxxx33", "teacher": 11, "subject": 13, "status": 0}}, {"model": "attendance_book.attendance", "pk": 191, "fields": {"date": "2021-11-26", "period": 3, "student": "sxxx34", "teacher": 11, "subject": 13, "status": 0}}, {"model": "attendance_book.attendance", "pk": 192, "fields": {"date": "2021-11-26", "period": 4, "student": "sxxx34", "teacher": 11, "subject": 13, "status": 0}}, {"model": "attendance_book.attendance", "pk": 193, "fields": {"date": "2021-11-26", "period": 3, "student": "sxxx35", "teacher": 11, "subject": 13, "status": 0}}, {"model": "attendance_book.attendance", "pk": 194, "fields": {"date": "2021-11-26", "period": 4, "student": "sxxx35", "teacher": 11, "subject": 13, "status": 0}}, {"model": "attendance_book.attendance", "pk": 195, "fields": {"date": "2021-11-26", "period": 3, "student": "sxxx36", "teacher": 11, "subject": 13, "status": 0}}, {"model": "attendance_book.attendance", "pk": 196, "fields": {"date": "2021-11-26", "period": 4, "student": "sxxx36", "teacher": 11, "subject": 13, "status": 0}}, {"model": "attendance_book.attendance", "pk": 197, "fields": {"date": "2021-11-26", "period": 3, "student": "sxxx37", "teacher": 11, "subject": 13, "status": 0}}, {"model": "attendance_book.attendance", "pk": 198, "fields": {"date": "2021-11-26", "period": 4, "student": "sxxx37", "teacher": 11, "subject": 13, "status": 0}}, {"model": "attendance_book.attendance", "pk": 199, "fields": {"date": "2021-11-26", "period": 3, "student": "sxxx38", "teacher": 11, "subject": 13, "status": 0}}, {"model": "attendance_book.attendance", "pk": 200, "fields": {"date": "2021-11-26", "period": 4, "student": "sxxx38", "teacher": 11, "subject": 13, "status": 0}}, {"model": "attendance_book.attendance", "pk": 201, "fields": {"date": "2021-11-26", "period": 3, "student": "sxxx39", "teacher": 11, "subject": 13, "status": 0}}, {"model": "attendance_book.attendance", "pk": 202, "fields": {"date": "2021-11-26", "period": 4, "student": "sxxx39", "teacher": 11, "subject": 13, "status": 0}}, {"model": "attendance_book.attendance", "pk": 203, "fields": {"date": "2021-11-26", "period": 3, "student": "sxxx40", "teacher": 11, "subject": 13, "status": 0}}, {"model": "attendance_book.attendance", "pk": 204, "fields": {"date": "2021-11-26", "period": 4, "student": "sxxx40", "teacher": 11, "subject": 13, "status": 0}}, {"model": "attendance_book.attendance", "pk": 205, "fields": {"date": "2021-11-26", "period": 3, "student": "sxxx41", "teacher": 11, "subject": 13, "status": 0}}, {"model": "attendance_book.attendance", "pk": 206, "fields": {"date": "2021-11-26", "period": 4, "student": "sxxx41", "teacher": 11, "subject": 13, "status": 0}}, {"model": "attendance_book.attendance", "pk": 207, "fields": {"date": "2021-11-26", "period": 3, "student": "sxxx42", "teacher": 11, "subject": 13, "status": 0}}, {"model": "attendance_book.attendance", "pk": 208, "fields": {"date": "2021-11-26", "period": 4, "student": "sxxx42", "teacher": 11, "subject": 13, "status": 0}}, {"model": "attendance_book.attendance", "pk": 209, "fields": {"date": "2021-11-26", "period": 3, "student": "sxxx43", "teacher": 11, "subject": 13, "status": 0}}, {"model": "attendance_book.attendance", "pk": 210, "fields": {"date": "2021-11-26", "period": 4, "student": "sxxx43", "teacher": 11, "subject": 13, "status": 0}}, {"model": "attendance_book.attendance", "pk": 211, "fields": {"date": "2021-11-26", "period": 3, "student": "sxxx44", "teacher": 11, "subject": 13, "status": 0}}, {"model": "attendance_book.attendance", "pk": 212, "fields": {"date": "2021-11-26", "period": 4, "student": "sxxx44", "teacher": 11, "subject": 13, "status": 0}}, {"model": "attendance_book.attendance", "pk": 213, "fields": {"date": "2021-11-26", "period": 3, "student": "sxxx45", "teacher": 11, "subject": 13, "status": 0}}, {"model": "attendance_book.attendance", "pk": 214, "fields": {"date": "2021-11-26", "period": 4, "student": "sxxx45", "teacher": 11, "subject": 13, "status": 0}}, {"model": "attendance_book.attendance", "pk": 215, "fields": {"date": "2021-11-26", "period": 3, "student": "sxxx46", "teacher": 11, "subject": 13, "status": 0}}, {"model": "attendance_book.attendance", "pk": 216, "fields": {"date": "2021-11-26", "period": 4, "student": "sxxx46", "teacher": 11, "subject": 13, "status": 0}}, {"model": "attendance_book.attendance", "pk": 217, "fields": {"date": "2021-11-26", "period": 3, "student": "sxxx47", "teacher": 11, "subject": 13, "status": 0}}, {"model": "attendance_book.attendance", "pk": 218, "fields": {"date": "2021-11-26", "period": 4, "student": "sxxx47", "teacher": 11, "subject": 13, "status": 0}}, {"model": "attendance_book.attendance", "pk": 219, "fields": {"date": "2021-11-26", "period": 3, "student": "sxxx48", "teacher": 11, "subject": 13, "status": 0}}, {"model": "attendance_book.attendance", "pk": 220, "fields": {"date": "2021-11-26", "period": 4, "student": "sxxx48", "teacher": 11, "subject": 13, "status": 0}}, {"model": "attendance_book.attendance", "pk": 221, "fields": {"date": "2021-11-26", "period": 3, "student": "sxxx49", "teacher": 11, "subject": 13, "status": 0}}, {"model": "attendance_book.attendance", "pk": 222, "fields": {"date": "2021-11-26", "period": 4, "student": "sxxx49", "teacher": 11, "subject": 13, "status": 0}}, {"model": "attendance_book.attendance", "pk": 223, "fields": {"date": "2021-11-26", "period": 3, "student": "sxxx50", "teacher": 11, "subject": 13, "status": 0}}, {"model": "attendance_book.attendance", "pk": 224, "fields": {"date": "2021-11-26", "period": 4, "student": "sxxx50", "teacher": 11, "subject": 13, "status": 0}}, {"model": "attendance_book.attendance", "pk": 225, "fields": {"date": "2021-11-26", "period": 3, "student": "sxxx51", "teacher": 11, "subject": 13, "status": 0}}, {"model": "attendance_book.attendance", "pk": 226, "fields": {"date": "2021-11-26", "period": 4, "student": "sxxx51", "teacher": 11, "subject": 13, "status": 0}}, {"model": "attendance_book.attendance", "pk": 227, "fields": {"date": "2021-11-26", "period": 3, "student": "sxxx52", "teacher": 11, "subject": 13, "status": 0}}, {"model": "attendance_book.attendance", "pk": 228, "fields": {"date": "2021-11-26", "period": 4, "student": "sxxx52", "teacher": 11, "subject": 13, "status": 0}}, {"model": "attendance_book.attendance", "pk": 229, "fields": {"date": "2021-11-26", "period": 3, "student": "sxxx53", "teacher": 11, "subject": 13, "status": 0}}, {"model": "attendance_book.attendance", "pk": 230, "fields": {"date": "2021-11-26", "period": 4, "student": "sxxx53", "teacher": 11, "subject": 13, "status": 0}}, {"model": "attendance_book.attendance", "pk": 231, "fields": {"date": "2021-11-26", "period": 3, "student": "sxxx54", "teacher": 11, "subject": 13, "status": 0}}, {"model": "attendance_book.attendance", "pk": 232, "fields": {"date": "2021-11-26", "period": 4, "student": "sxxx54", "teacher": 11, "subject": 13, "status": 0}}, {"model": "attendance_book.attendance", "pk": 233, "fields": {"date": "2021-11-26", "period": 3, "student": "sxxx55", "teacher": 11, "subject": 13, "status": 0}}, {"model": "attendance_book.attendance", "pk": 234, "fields": {"date": "2021-11-26", "period": 4, "student": "sxxx55", "teacher": 11, "subject": 13, "status": 0}}, {"model": "attendance_book.attendance", "pk": 235, "fields": {"date": "2021-11-26", "period": 3, "student": "sxxx56", "teacher": 11, "subject": 13, "status": 0}}, {"model": "attendance_book.attendance", "pk": 236, "fields": {"date": "2021-11-26", "period": 4, "student": "sxxx56", "teacher": 11, "subject": 13, "status": 0}}, {"model": "attendance_book.attendance", "pk": 237, "fields": {"date": "2021-11-26", "period": 3, "student": "sxxx57", "teacher": 11, "subject": 13, "status": 0}}, {"model": "attendance_book.attendance", "pk": 238, "fields": {"date": "2021-11-26", "period": 4, "student": "sxxx57", "teacher": 11, "subject": 13, "status": 0}}, {"model": "attendance_book.attendance", "pk": 239, "fields": {"date": "2021-11-26", "period": 3, "student": "sxxx58", "teacher": 11, "subject": 13, "status": 0}}, {"model": "attendance_book.attendance", "pk": 240, "fields": {"date": "2021-11-26", "period": 4, "student": "sxxx58", "teacher": 11, "subject": 13, "status": 0}}, {"model": "attendance_book.attendance", "pk": 241, "fields": {"date": "2021-11-26", "period": 3, "student": "sxxx59", "teacher": 11, "subject": 13, "status": 0}}, {"model": "attendance_book.attendance", "pk": 242, "fields": {"date": "2021-11-26", "period": 4, "student": "sxxx59", "teacher": 11, "subject": 13, "status": 0}}, {"model": "attendance_book.attendance", "pk": 243, "fields": {"date": "2021-11-26", "period": 3, "student": "sxxx60", "teacher": 11, "subject": 13, "status": 0}}, {"model": "attendance_book.attendance", "pk": 244, "fields": {"date": "2021-11-26", "period": 4, "student": "sxxx60", "teacher": 11, "subject": 13, "status": 0}}, {"model": "attendance_book.attendance", "pk": 245, "fields": {"date": "2021-11-26", "period": 3, "student": "sxxx61", "teacher": 11, "subject": 13, "status": 0}}, {"model": "attendance_book.attendance", "pk": 246, "fields": {"date": "2021-11-26", "period": 4, "student": "sxxx61", "teacher": 11, "subject": 13, "status": 0}}, {"model": "attendance_book.attendance", "pk": 247, "fields": {"date": "2021-11-26", "period": 3, "student": "sxxx62", "teacher": 11, "subject": 13, "status": 0}}, {"model": "attendance_book.attendance", "pk": 248, "fields": {"date": "2021-11-26", "period": 4, "student": "sxxx62", "teacher": 11, "subject": 13, "status": 0}}, {"model": "attendance_book.attendance", "pk": 249, "fields": {"date": "2021-11-26", "period": 5, "student": "sxxx01", "teacher": 12, "subject": 14, "status": 0}}, {"model": "attendance_book.attendance", "pk": 250, "fields": {"date": "2021-11-26", "period": 6, "student": "sxxx01", "teacher": 12, "subject": 14, "status": 0}}, {"model": "attendance_book.attendance", "pk": 251, "fields": {"date": "2021-11-26", "period": 5, "student": "sxxx02", "teacher": 12, "subject": 14, "status": 0}}, {"model": "attendance_book.attendance", "pk": 252, "fields": {"date": "2021-11-26", "period": 6, "student": "sxxx02", "teacher": 12, "subject": 14, "status": 0}}, {"model": "attendance_book.attendance", "pk": 253, "fields": {"date": "2021-11-26", "period": 5, "student": "sxxx03", "teacher": 12, "subject": 14, "status": 0}}, {"model": "attendance_book.attendance", "pk": 254, "fields": {"date": "2021-11-26", "period": 6, "student": "sxxx03", "teacher": 12, "subject": 14, "status": 0}}, {"model": "attendance_book.attendance", "pk": 255, "fields": {"date": "2021-11-26", "period": 5, "student": "sxxx04", "teacher": 12, "subject": 14, "status": 0}}, {"model": "attendance_book.attendance", "pk": 256, "fields": {"date": "2021-11-26", "period": 6, "student": "sxxx04", "teacher": 12, "subject": 14, "status": 0}}, {"model": "attendance_book.attendance", "pk": 257, "fields": {"date": "2021-11-26", "period": 5, "student": "sxxx05", "teacher": 12, "subject": 14, "status": 0}}, {"model": "attendance_book.attendance", "pk": 258, "fields": {"date": "2021-11-26", "period": 6, "student": "sxxx05", "teacher": 12, "subject": 14, "status": 0}}, {"model": "attendance_book.attendance", "pk": 259, "fields": {"date": "2021-11-26", "period": 5, "student": "sxxx06", "teacher": 12, "subject": 14, "status": 0}}, {"model": "attendance_book.attendance", "pk": 260, "fields": {"date": "2021-11-26", "period": 6, "student": "sxxx06", "teacher": 12, "subject": 14, "status": 0}}, {"model": "attendance_book.attendance", "pk": 261, "fields": {"date": "2021-11-26", "period": 5, "student": "sxxx07", "teacher": 12, "subject": 14, "status": 0}}, {"model": "attendance_book.attendance", "pk": 262, "fields": {"date": "2021-11-26", "period": 6, "student": "sxxx07", "teacher": 12, "subject": 14, "status": 0}}, {"model": "attendance_book.attendance", "pk": 263, "fields": {"date": "2021-11-26", "period": 5, "student": "sxxx08", "teacher": 12, "subject": 14, "status": 0}}, {"model": "attendance_book.attendance", "pk": 264, "fields": {"date": "2021-11-26", "period": 6, "student": "sxxx08", "teacher": 12, "subject": 14, "status": 0}}, {"model": "attendance_book.attendance", "pk": 265, "fields": {"date": "2021-11-26", "period": 5, "student": "sxxx09", "teacher": 12, "subject": 14, "status": 0}}, {"model": "attendance_book.attendance", "pk": 266, "fields": {"date": "2021-11-26", "period": 6, "student": "sxxx09", "teacher": 12, "subject": 14, "status": 0}}, {"model": "attendance_book.attendance", "pk": 267, "fields": {"date": "2021-11-26", "period": 5, "student": "sxxx10", "teacher": 12, "subject": 14, "status": 0}}, {"model": "attendance_book.attendance", "pk": 268, "fields": {"date": "2021-11-26", "period": 6, "student": "sxxx10", "teacher": 12, "subject": 14, "status": 0}}, {"model": "attendance_book.attendance", "pk": 269, "fields": {"date": "2021-11-26", "period": 5, "student": "sxxx11", "teacher": 12, "subject": 14, "status": 0}}, {"model": "attendance_book.attendance", "pk": 270, "fields": {"date": "2021-11-26", "period": 6, "student": "sxxx11", "teacher": 12, "subject": 14, "status": 0}}, {"model": "attendance_book.attendance", "pk": 271, "fields": {"date": "2021-11-26", "period": 5, "student": "sxxx12", "teacher": 12, "subject": 14, "status": 0}}, {"model": "attendance_book.attendance", "pk": 272, "fields": {"date": "2021-11-26", "period": 6, "student": "sxxx12", "teacher": 12, "subject": 14, "status": 0}}, {"model": "attendance_book.attendance", "pk": 273, "fields": {"date": "2021-11-26", "period": 5, "student": "sxxx13", "teacher": 12, "subject": 14, "status": 0}}, {"model": "attendance_book.attendance", "pk": 274, "fields": {"date": "2021-11-26", "period": 6, "student": "sxxx13", "teacher": 12, "subject": 14, "status": 0}}, {"model": "attendance_book.attendance", "pk": 275, "fields": {"date": "2021-11-26", "period": 5, "student": "sxxx14", "teacher": 12, "subject": 14, "status": 0}}, {"model": "attendance_book.attendance", "pk": 276, "fields": {"date": "2021-11-26", "period": 6, "student": "sxxx14", "teacher": 12, "subject": 14, "status": 0}}, {"model": "attendance_book.attendance", "pk": 277, "fields": {"date": "2021-11-26", "period": 5, "student": "sxxx15", "teacher": 12, "subject": 14, "status": 0}}, {"model": "attendance_book.attendance", "pk": 278, "fields": {"date": "2021-11-26", "period": 6, "student": "sxxx15", "teacher": 12, "subject": 14, "status": 0}}, {"model": "attendance_book.attendance", "pk": 279, "fields": {"date": "2021-11-26", "period": 5, "student": "sxxx16", "teacher": 12, "subject": 14, "status": 0}}, {"model": "attendance_book.attendance", "pk": 280, "fields": {"date": "2021-11-26", "period": 6, "student": "sxxx16", "teacher": 12, "subject": 14, "status": 0}}, {"model": "attendance_book.attendance", "pk": 281, "fields": {"date": "2021-11-26", "period": 5, "student": "sxxx17", "teacher": 12, "subject": 14, "status": 0}}, {"model": "attendance_book.attendance", "pk": 282, "fields": {"date": "2021-11-26", "period": 6, "student": "sxxx17", "teacher": 12, "subject": 14, "status": 0}}, {"model": "attendance_book.attendance", "pk": 283, "fields": {"date": "2021-11-26", "period": 5, "student": "sxxx18", "teacher": 12, "subject": 14, "status": 0}}, {"model": "attendance_book.attendance", "pk": 284, "fields": {"date": "2021-11-26", "period": 6, "student": "sxxx18", "teacher": 12, "subject": 14, "status": 0}}, {"model": "attendance_book.attendance", "pk": 285, "fields": {"date": "2021-11-26", "period": 5, "student": "sxxx19", "teacher": 12, "subject": 14, "status": 0}}, {"model": "attendance_book.attendance", "pk": 286, "fields": {"date": "2021-11-26", "period": 6, "student": "sxxx19", "teacher": 12, "subject": 14, "status": 0}}, {"model": "attendance_book.attendance", "pk": 287, "fields": {"date": "2021-11-26", "period": 5, "student": "sxxx20", "teacher": 12, "subject": 14, "status": 0}}, {"model": "attendance_book.attendance", "pk": 288, "fields": {"date": "2021-11-26", "period": 6, "student": "sxxx20", "teacher": 12, "subject": 14, "status": 0}}, {"model": "attendance_book.attendance", "pk": 289, "fields": {"date": "2021-11-26", "period": 5, "student": "sxxx21", "teacher": 12, "subject": 14, "status": 0}}, {"model": "attendance_book.attendance", "pk": 290, "fields": {"date": "2021-11-26", "period": 6, "student": "sxxx21", "teacher": 12, "subject": 14, "status": 0}}, {"model": "attendance_book.attendance", "pk": 291, "fields": {"date": "2021-11-26", "period": 5, "student": "sxxx22", "teacher": 12, "subject": 14, "status": 0}}, {"model": "attendance_book.attendance", "pk": 292, "fields": {"date": "2021-11-26", "period": 6, "student": "sxxx22", "teacher": 12, "subject": 14, "status": 0}}, {"model": "attendance_book.attendance", "pk": 293, "fields": {"date": "2021-11-26", "period": 5, "student": "sxxx23", "teacher": 12, "subject": 14, "status": 0}}, {"model": "attendance_book.attendance", "pk": 294, "fields": {"date": "2021-11-26", "period": 6, "student": "sxxx23", "teacher": 12, "subject": 14, "status": 0}}, {"model": "attendance_book.attendance", "pk": 295, "fields": {"date": "2021-11-26", "period": 5, "student": "sxxx24", "teacher": 12, "subject": 14, "status": 0}}, {"model": "attendance_book.attendance", "pk": 296, "fields": {"date": "2021-11-26", "period": 6, "student": "sxxx24", "teacher": 12, "subject": 14, "status": 0}}, {"model": "attendance_book.attendance", "pk": 297, "fields": {"date": "2021-11-26", "period": 5, "student": "sxxx25", "teacher": 12, "subject": 14, "status": 0}}, {"model": "attendance_book.attendance", "pk": 298, "fields": {"date": "2021-11-26", "period": 6, "student": "sxxx25", "teacher": 12, "subject": 14, "status": 0}}, {"model": "attendance_book.attendance", "pk": 299, "fields": {"date": "2021-11-26", "period": 5, "student": "sxxx26", "teacher": 12, "subject": 14, "status": 0}}, {"model": "attendance_book.attendance", "pk": 300, "fields": {"date": "2021-11-26", "period": 6, "student": "sxxx26", "teacher": 12, "subject": 14, "status": 0}}, {"model": "attendance_book.attendance", "pk": 301, "fields": {"date": "2021-11-26", "period": 5, "student": "sxxx27", "teacher": 12, "subject": 14, "status": 0}}, {"model": "attendance_book.attendance", "pk": 302, "fields": {"date": "2021-11-26", "period": 6, "student": "sxxx27", "teacher": 12, "subject": 14, "status": 0}}, {"model": "attendance_book.attendance", "pk": 303, "fields": {"date": "2021-11-26", "period": 5, "student": "sxxx28", "teacher": 12, "subject": 14, "status": 0}}, {"model": "attendance_book.attendance", "pk": 304, "fields": {"date": "2021-11-26", "period": 6, "student": "sxxx28", "teacher": 12, "subject": 14, "status": 0}}, {"model": "attendance_book.attendance", "pk": 305, "fields": {"date": "2021-11-26", "period": 5, "student": "sxxx29", "teacher": 12, "subject": 14, "status": 0}}, {"model": "attendance_book.attendance", "pk": 306, "fields": {"date": "2021-11-26", "period": 6, "student": "sxxx29", "teacher": 12, "subject": 14, "status": 0}}, {"model": "attendance_book.attendance", "pk": 307, "fields": {"date": "2021-11-26", "period": 5, "student": "sxxx30", "teacher": 12, "subject": 14, "status": 0}}, {"model": "attendance_book.attendance", "pk": 308, "fields": {"date": "2021-11-26", "period": 6, "student": "sxxx30", "teacher": 12, "subject": 14, "status": 0}}, {"model": "attendance_book.attendance", "pk": 309, "fields": {"date": "2021-11-26", "period": 5, "student": "sxxx31", "teacher": 12, "subject": 14, "status": 0}}, {"model": "attendance_book.attendance", "pk": 310, "fields": {"date": "2021-11-26", "period": 6, "student": "sxxx31", "teacher": 12, "subject": 14, "status": 0}}, {"model": "attendance_book.attendance", "pk": 311, "fields": {"date": "2021-11-26", "period": 5, "student": "sxxx32", "teacher": 12, "subject": 14, "status": 0}}, {"model": "attendance_book.attendance", "pk": 312, "fields": {"date": "2021-11-26", "period": 6, "student": "sxxx32", "teacher": 12, "subject": 14, "status": 0}}, {"model": "attendance_book.attendance", "pk": 313, "fields": {"date": "2021-11-26", "period": 5, "student": "sxxx33", "teacher": 12, "subject": 14, "status": 0}}, {"model": "attendance_book.attendance", "pk": 314, "fields": {"date": "2021-11-26", "period": 6, "student": "sxxx33", "teacher": 12, "subject": 14, "status": 0}}, {"model": "attendance_book.attendance", "pk": 315, "fields": {"date": "2021-11-26", "period": 5, "student": "sxxx34", "teacher": 12, "subject": 14, "status": 0}}, {"model": "attendance_book.attendance", "pk": 316, "fields": {"date": "2021-11-26", "period": 6, "student": "sxxx34", "teacher": 12, "subject": 14, "status": 0}}, {"model": "attendance_book.attendance", "pk": 317, "fields": {"date": "2021-11-26", "period": 5, "student": "sxxx35", "teacher": 12, "subject": 14, "status": 0}}, {"model": "attendance_book.attendance", "pk": 318, "fields": {"date": "2021-11-26", "period": 6, "student": "sxxx35", "teacher": 12, "subject": 14, "status": 0}}, {"model": "attendance_book.attendance", "pk": 319, "fields": {"date": "2021-11-26", "period": 5, "student": "sxxx36", "teacher": 12, "subject": 14, "status": 0}}, {"model": "attendance_book.attendance", "pk": 320, "fields": {"date": "2021-11-26", "period": 6, "student": "sxxx36", "teacher": 12, "subject": 14, "status": 0}}, {"model": "attendance_book.attendance", "pk": 321, "fields": {"date": "2021-11-26", "period": 5, "student": "sxxx37", "teacher": 12, "subject": 14, "status": 0}}, {"model": "attendance_book.attendance", "pk": 322, "fields": {"date": "2021-11-26", "period": 6, "student": "sxxx37", "teacher": 12, "subject": 14, "status": 0}}, {"model": "attendance_book.attendance", "pk": 323, "fields": {"date": "2021-11-26", "period": 5, "student": "sxxx38", "teacher": 12, "subject": 14, "status": 0}}, {"model": "attendance_book.attendance", "pk": 324, "fields": {"date": "2021-11-26", "period": 6, "student": "sxxx38", "teacher": 12, "subject": 14, "status": 0}}, {"model": "attendance_book.attendance", "pk": 325, "fields": {"date": "2021-11-26", "period": 5, "student": "sxxx39", "teacher": 12, "subject": 14, "status": 0}}, {"model": "attendance_book.attendance", "pk": 326, "fields": {"date": "2021-11-26", "period": 6, "student": "sxxx39", "teacher": 12, "subject": 14, "status": 0}}, {"model": "attendance_book.attendance", "pk": 327, "fields": {"date": "2021-11-26", "period": 5, "student": "sxxx40", "teacher": 12, "subject": 14, "status": 0}}, {"model": "attendance_book.attendance", "pk": 328, "fields": {"date": "2021-11-26", "period": 6, "student": "sxxx40", "teacher": 12, "subject": 14, "status": 0}}, {"model": "attendance_book.attendance", "pk": 329, "fields": {"date": "2021-11-26", "period": 5, "student": "sxxx41", "teacher": 12, "subject": 14, "status": 0}}, {"model": "attendance_book.attendance", "pk": 330, "fields": {"date": "2021-11-26", "period": 6, "student": "sxxx41", "teacher": 12, "subject": 14, "status": 0}}, {"model": "attendance_book.attendance", "pk": 331, "fields": {"date": "2021-11-26", "period": 5, "student": "sxxx42", "teacher": 12, "subject": 14, "status": 0}}, {"model": "attendance_book.attendance", "pk": 332, "fields": {"date": "2021-11-26", "period": 6, "student": "sxxx42", "teacher": 12, "subject": 14, "status": 0}}, {"model": "attendance_book.attendance", "pk": 333, "fields": {"date": "2021-11-26", "period": 5, "student": "sxxx43", "teacher": 12, "subject": 14, "status": 0}}, {"model": "attendance_book.attendance", "pk": 334, "fields": {"date": "2021-11-26", "period": 6, "student": "sxxx43", "teacher": 12, "subject": 14, "status": 0}}, {"model": "attendance_book.attendance", "pk": 335, "fields": {"date": "2021-11-26", "period": 5, "student": "sxxx44", "teacher": 12, "subject": 14, "status": 0}}, {"model": "attendance_book.attendance", "pk": 336, "fields": {"date": "2021-11-26", "period": 6, "student": "sxxx44", "teacher": 12, "subject": 14, "status": 0}}, {"model": "attendance_book.attendance", "pk": 337, "fields": {"date": "2021-11-26", "period": 5, "student": "sxxx45", "teacher": 12, "subject": 14, "status": 0}}, {"model": "attendance_book.attendance", "pk": 338, "fields": {"date": "2021-11-26", "period": 6, "student": "sxxx45", "teacher": 12, "subject": 14, "status": 0}}, {"model": "attendance_book.attendance", "pk": 339, "fields": {"date": "2021-11-26", "period": 5, "student": "sxxx46", "teacher": 12, "subject": 14, "status": 0}}, {"model": "attendance_book.attendance", "pk": 340, "fields": {"date": "2021-11-26", "period": 6, "student": "sxxx46", "teacher": 12, "subject": 14, "status": 0}}, {"model": "attendance_book.attendance", "pk": 341, "fields": {"date": "2021-11-26", "period": 5, "student": "sxxx47", "teacher": 12, "subject": 14, "status": 0}}, {"model": "attendance_book.attendance", "pk": 342, "fields": {"date": "2021-11-26", "period": 6, "student": "sxxx47", "teacher": 12, "subject": 14, "status": 0}}, {"model": "attendance_book.attendance", "pk": 343, "fields": {"date": "2021-11-26", "period": 5, "student": "sxxx48", "teacher": 12, "subject": 14, "status": 0}}, {"model": "attendance_book.attendance", "pk": 344, "fields": {"date": "2021-11-26", "period": 6, "student": "sxxx48", "teacher": 12, "subject": 14, "status": 0}}, {"model": "attendance_book.attendance", "pk": 345, "fields": {"date": "2021-11-26", "period": 5, "student": "sxxx49", "teacher": 12, "subject": 14, "status": 0}}, {"model": "attendance_book.attendance", "pk": 346, "fields": {"date": "2021-11-26", "period": 6, "student": "sxxx49", "teacher": 12, "subject": 14, "status": 0}}, {"model": "attendance_book.attendance", "pk": 347, "fields": {"date": "2021-11-26", "period": 5, "student": "sxxx50", "teacher": 12, "subject": 14, "status": 0}}, {"model": "attendance_book.attendance", "pk": 348, "fields": {"date": "2021-11-26", "period": 6, "student": "sxxx50", "teacher": 12, "subject": 14, "status": 0}}, {"model": "attendance_book.attendance", "pk": 349, "fields": {"date": "2021-11-26", "period": 5, "student": "sxxx51", "teacher": 12, "subject": 14, "status": 0}}, {"model": "attendance_book.attendance", "pk": 350, "fields": {"date": "2021-11-26", "period": 6, "student": "sxxx51", "teacher": 12, "subject": 14, "status": 0}}, {"model": "attendance_book.attendance", "pk": 351, "fields": {"date": "2021-11-26", "period": 5, "student": "sxxx52", "teacher": 12, "subject": 14, "status": 0}}, {"model": "attendance_book.attendance", "pk": 352, "fields": {"date": "2021-11-26", "period": 6, "student": "sxxx52", "teacher": 12, "subject": 14, "status": 0}}, {"model": "attendance_book.attendance", "pk": 353, "fields": {"date": "2021-11-26", "period": 5, "student": "sxxx53", "teacher": 12, "subject": 14, "status": 0}}, {"model": "attendance_book.attendance", "pk": 354, "fields": {"date": "2021-11-26", "period": 6, "student": "sxxx53", "teacher": 12, "subject": 14, "status": 0}}, {"model": "attendance_book.attendance", "pk": 355, "fields": {"date": "2021-11-26", "period": 5, "student": "sxxx54", "teacher": 12, "subject": 14, "status": 0}}, {"model": "attendance_book.attendance", "pk": 356, "fields": {"date": "2021-11-26", "period": 6, "student": "sxxx54", "teacher": 12, "subject": 14, "status": 0}}, {"model": "attendance_book.attendance", "pk": 357, "fields": {"date": "2021-11-26", "period": 5, "student": "sxxx55", "teacher": 12, "subject": 14, "status": 0}}, {"model": "attendance_book.attendance", "pk": 358, "fields": {"date": "2021-11-26", "period": 6, "student": "sxxx55", "teacher": 12, "subject": 14, "status": 0}}, {"model": "attendance_book.attendance", "pk": 359, "fields": {"date": "2021-11-26", "period": 5, "student": "sxxx56", "teacher": 12, "subject": 14, "status": 0}}, {"model": "attendance_book.attendance", "pk": 360, "fields": {"date": "2021-11-26", "period": 6, "student": "sxxx56", "teacher": 12, "subject": 14, "status": 0}}, {"model": "attendance_book.attendance", "pk": 361, "fields": {"date": "2021-11-26", "period": 5, "student": "sxxx57", "teacher": 12, "subject": 14, "status": 0}}, {"model": "attendance_book.attendance", "pk": 362, "fields": {"date": "2021-11-26", "period": 6, "student": "sxxx57", "teacher": 12, "subject": 14, "status": 0}}, {"model": "attendance_book.attendance", "pk": 363, "fields": {"date": "2021-11-26", "period": 5, "student": "sxxx58", "teacher": 12, "subject": 14, "status": 0}}, {"model": "attendance_book.attendance", "pk": 364, "fields": {"date": "2021-11-26", "period": 6, "student": "sxxx58", "teacher": 12, "subject": 14, "status": 0}}, {"model": "attendance_book.attendance", "pk": 365, "fields": {"date": "2021-11-26", "period": 5, "student": "sxxx59", "teacher": 12, "subject": 14, "status": 0}}, {"model": "attendance_book.attendance", "pk": 366, "fields": {"date": "2021-11-26", "period": 6, "student": "sxxx59", "teacher": 12, "subject": 14, "status": 0}}, {"model": "attendance_book.attendance", "pk": 367, "fields": {"date": "2021-11-26", "period": 5, "student": "sxxx60", "teacher": 12, "subject": 14, "status": 0}}, {"model": "attendance_book.attendance", "pk": 368, "fields": {"date": "2021-11-26", "period": 6, "student": "sxxx60", "teacher": 12, "subject": 14, "status": 0}}, {"model": "attendance_book.attendance", "pk": 369, "fields": {"date": "2021-11-26", "period": 5, "student": "sxxx61", "teacher": 12, "subject": 14, "status": 0}}, {"model": "attendance_book.attendance", "pk": 370, "fields": {"date": "2021-11-26", "period": 6, "student": "sxxx61", "teacher": 12, "subject": 14, "status": 0}}, {"model": "attendance_book.attendance", "pk": 371, "fields": {"date": "2021-11-26", "period": 5, "student": "sxxx62", "teacher": 12, "subject": 14, "status": 0}}, {"model": "attendance_book.attendance", "pk": 372, "fields": {"date": "2021-11-26", "period": 6, "student": "sxxx62", "teacher": 12, "subject": 14, "status": 0}}, {"model": "attendance_book.attendance", "pk": 373, "fields": {"date": "2021-11-26", "period": 0, "student": "sxxx01", "teacher": 3, "subject": 1, "status": 0}}, {"model": "attendance_book.attendance", "pk": 374, "fields": {"date": "2021-11-26", "period": 0, "student": "sxxx02", "teacher": 3, "subject": 1, "status": 0}}, {"model": "attendance_book.attendance", "pk": 375, "fields": {"date": "2021-11-26", "period": 0, "student": "sxxx03", "teacher": 3, "subject": 1, "status": 0}}, {"model": "attendance_book.attendance", "pk": 376, "fields": {"date": "2021-11-26", "period": 0, "student": "sxxx04", "teacher": 3, "subject": 1, "status": 0}}, {"model": "attendance_book.attendance", "pk": 377, "fields": {"date": "2021-11-26", "period": 0, "student": "sxxx05", "teacher": 3, "subject": 1, "status": 0}}, {"model": "attendance_book.attendance", "pk": 378, "fields": {"date": "2021-11-26", "period": 0, "student": "sxxx06", "teacher": 3, "subject": 1, "status": 0}}, {"model": "attendance_book.attendance", "pk": 379, "fields": {"date": "2021-11-26", "period": 0, "student": "sxxx07", "teacher": 3, "subject": 1, "status": 0}}, {"model": "attendance_book.attendance", "pk": 380, "fields": {"date": "2021-11-26", "period": 0, "student": "sxxx08", "teacher": 3, "subject": 1, "status": 0}}, {"model": "attendance_book.attendance", "pk": 381, "fields": {"date": "2021-11-26", "period": 0, "student": "sxxx09", "teacher": 3, "subject": 1, "status": 0}}, {"model": "attendance_book.attendance", "pk": 382, "fields": {"date": "2021-11-26", "period": 0, "student": "sxxx10", "teacher": 3, "subject": 1, "status": 0}}, {"model": "attendance_book.attendance", "pk": 383, "fields": {"date": "2021-11-26", "period": 0, "student": "sxxx11", "teacher": 3, "subject": 1, "status": 0}}, {"model": "attendance_book.attendance", "pk": 384, "fields": {"date": "2021-11-26", "period": 0, "student": "sxxx12", "teacher": 3, "subject": 1, "status": 0}}, {"model": "attendance_book.attendance", "pk": 385, "fields": {"date": "2021-11-26", "period": 0, "student": "sxxx13", "teacher": 3, "subject": 1, "status": 0}}, {"model": "attendance_book.attendance", "pk": 386, "fields": {"date": "2021-11-26", "period": 0, "student": "sxxx14", "teacher": 3, "subject": 1, "status": 0}}, {"model": "attendance_book.attendance", "pk": 387, "fields": {"date": "2021-11-26", "period": 0, "student": "sxxx15", "teacher": 3, "subject": 1, "status": 0}}, {"model": "attendance_book.attendance", "pk": 388, "fields": {"date": "2021-11-26", "period": 0, "student": "sxxx16", "teacher": 3, "subject": 1, "status": 0}}, {"model": "attendance_book.attendance", "pk": 389, "fields": {"date": "2021-11-26", "period": 0, "student": "sxxx17", "teacher": 3, "subject": 1, "status": 0}}, {"model": "attendance_book.attendance", "pk": 390, "fields": {"date": "2021-11-26", "period": 0, "student": "sxxx18", "teacher": 3, "subject": 1, "status": 0}}, {"model": "attendance_book.attendance", "pk": 391, "fields": {"date": "2021-11-26", "period": 0, "student": "sxxx19", "teacher": 3, "subject": 1, "status": 0}}, {"model": "attendance_book.attendance", "pk": 392, "fields": {"date": "2021-11-26", "period": 0, "student": "sxxx20", "teacher": 3, "subject": 1, "status": 0}}, {"model": "attendance_book.attendance", "pk": 393, "fields": {"date": "2021-11-26", "period": 0, "student": "sxxx21", "teacher": 3, "subject": 1, "status": 0}}, {"model": "attendance_book.attendance", "pk": 394, "fields": {"date": "2021-11-26", "period": 0, "student": "sxxx22", "teacher": 3, "subject": 1, "status": 0}}, {"model": "attendance_book.attendance", "pk": 395, "fields": {"date": "2021-11-26", "period": 0, "student": "sxxx23", "teacher": 3, "subject": 1, "status": 0}}, {"model": "attendance_book.attendance", "pk": 396, "fields": {"date": "2021-11-26", "period": 0, "student": "sxxx24", "teacher": 3, "subject": 1, "status": 0}}, {"model": "attendance_book.attendance", "pk": 397, "fields": {"date": "2021-11-26", "period": 0, "student": "sxxx25", "teacher": 3, "subject": 1, "status": 0}}, {"model": "attendance_book.attendance", "pk": 398, "fields": {"date": "2021-11-26", "period": 0, "student": "sxxx26", "teacher": 3, "subject": 1, "status": 0}}, {"model": "attendance_book.attendance", "pk": 399, "fields": {"date": "2021-11-26", "period": 0, "student": "sxxx27", "teacher": 3, "subject": 1, "status": 0}}, {"model": "attendance_book.attendance", "pk": 400, "fields": {"date": "2021-11-26", "period": 0, "student": "sxxx28", "teacher": 3, "subject": 1, "status": 0}}, {"model": "attendance_book.attendance", "pk": 401, "fields": {"date": "2021-11-26", "period": 0, "student": "sxxx29", "teacher": 3, "subject": 1, "status": 0}}, {"model": "attendance_book.attendance", "pk": 402, "fields": {"date": "2021-11-26", "period": 0, "student": "sxxx30", "teacher": 3, "subject": 1, "status": 0}}, {"model": "attendance_book.attendance", "pk": 403, "fields": {"date": "2021-11-26", "period": 0, "student": "sxxx31", "teacher": 3, "subject": 1, "status": 0}}, {"model": "attendance_book.attendance", "pk": 404, "fields": {"date": "2021-11-26", "period": 0, "student": "sxxx32", "teacher": 3, "subject": 1, "status": 0}}, {"model": "attendance_book.attendance", "pk": 405, "fields": {"date": "2021-11-26", "period": 0, "student": "sxxx33", "teacher": 3, "subject": 1, "status": 0}}, {"model": "attendance_book.attendance", "pk": 406, "fields": {"date": "2021-11-26", "period": 0, "student": "sxxx34", "teacher": 3, "subject": 1, "status": 0}}, {"model": "attendance_book.attendance", "pk": 407, "fields": {"date": "2021-11-26", "period": 0, "student": "sxxx35", "teacher": 3, "subject": 1, "status": 0}}, {"model": "attendance_book.attendance", "pk": 408, "fields": {"date": "2021-11-26", "period": 0, "student": "sxxx36", "teacher": 3, "subject": 1, "status": 0}}, {"model": "attendance_book.attendance", "pk": 409, "fields": {"date": "2021-11-26", "period": 0, "student": "sxxx37", "teacher": 3, "subject": 1, "status": 0}}, {"model": "attendance_book.attendance", "pk": 410, "fields": {"date": "2021-11-26", "period": 0, "student": "sxxx38", "teacher": 3, "subject": 1, "status": 0}}, {"model": "attendance_book.attendance", "pk": 411, "fields": {"date": "2021-11-26", "period": 0, "student": "sxxx39", "teacher": 3, "subject": 1, "status": 0}}, {"model": "attendance_book.attendance", "pk": 412, "fields": {"date": "2021-11-26", "period": 0, "student": "sxxx40", "teacher": 3, "subject": 1, "status": 0}}, {"model": "attendance_book.attendance", "pk": 413, "fields": {"date": "2021-11-26", "period": 0, "student": "sxxx41", "teacher": 3, "subject": 1, "status": 0}}, {"model": "attendance_book.attendance", "pk": 414, "fields": {"date": "2021-11-26", "period": 0, "student": "sxxx42", "teacher": 3, "subject": 1, "status": 0}}, {"model": "attendance_book.attendance", "pk": 415, "fields": {"date": "2021-11-26", "period": 0, "student": "sxxx43", "teacher": 3, "subject": 1, "status": 0}}, {"model": "attendance_book.attendance", "pk": 416, "fields": {"date": "2021-11-26", "period": 0, "student": "sxxx44", "teacher": 3, "subject": 1, "status": 0}}, {"model": "attendance_book.attendance", "pk": 417, "fields": {"date": "2021-11-26", "period": 0, "student": "sxxx45", "teacher": 3, "subject": 1, "status": 0}}, {"model": "attendance_book.attendance", "pk": 418, "fields": {"date": "2021-11-26", "period": 0, "student": "sxxx46", "teacher": 3, "subject": 1, "status": 0}}, {"model": "attendance_book.attendance", "pk": 419, "fields": {"date": "2021-11-26", "period": 0, "student": "sxxx47", "teacher": 3, "subject": 1, "status": 0}}, {"model": "attendance_book.attendance", "pk": 420, "fields": {"date": "2021-11-26", "period": 0, "student": "sxxx48", "teacher": 3, "subject": 1, "status": 0}}, {"model": "attendance_book.attendance", "pk": 421, "fields": {"date": "2021-11-26", "period": 0, "student": "sxxx49", "teacher": 3, "subject": 1, "status": 0}}, {"model": "attendance_book.attendance", "pk": 422, "fields": {"date": "2021-11-26", "period": 0, "student": "sxxx50", "teacher": 3, "subject": 1, "status": 0}}, {"model": "attendance_book.attendance", "pk": 423, "fields": {"date": "2021-11-26", "period": 0, "student": "sxxx51", "teacher": 3, "subject": 1, "status": 0}}, {"model": "attendance_book.attendance", "pk": 424, "fields": {"date": "2021-11-26", "period": 0, "student": "sxxx52", "teacher": 3, "subject": 1, "status": 0}}, {"model": "attendance_book.attendance", "pk": 425, "fields": {"date": "2021-11-26", "period": 0, "student": "sxxx53", "teacher": 3, "subject": 1, "status": 0}}, {"model": "attendance_book.attendance", "pk": 426, "fields": {"date": "2021-11-26", "period": 0, "student": "sxxx54", "teacher": 3, "subject": 1, "status": 0}}, {"model": "attendance_book.attendance", "pk": 427, "fields": {"date": "2021-11-26", "period": 0, "student": "sxxx55", "teacher": 3, "subject": 1, "status": 0}}, {"model": "attendance_book.attendance", "pk": 428, "fields": {"date": "2021-11-26", "period": 0, "student": "sxxx56", "teacher": 3, "subject": 1, "status": 0}}, {"model": "attendance_book.attendance", "pk": 429, "fields": {"date": "2021-11-26", "period": 0, "student": "sxxx57", "teacher": 3, "subject": 1, "status": 0}}, {"model": "attendance_book.attendance", "pk": 430, "fields": {"date": "2021-11-26", "period": 0, "student": "sxxx58", "teacher": 3, "subject": 1, "status": 0}}, {"model": "attendance_book.attendance", "pk": 431, "fields": {"date": "2021-11-26", "period": 0, "student": "sxxx59", "teacher": 3, "subject": 1, "status": 0}}, {"model": "attendance_book.attendance", "pk": 432, "fields": {"date": "2021-11-26", "period": 0, "student": "sxxx60", "teacher": 3, "subject": 1, "status": 0}}, {"model": "attendance_book.attendance", "pk": 433, "fields": {"date": "2021-11-26", "period": 0, "student": "sxxx61", "teacher": 3, "subject": 1, "status": 0}}, {"model": "attendance_book.attendance", "pk": 434, "fields": {"date": "2021-11-26", "period": 0, "student": "sxxx62", "teacher": 3, "subject": 1, "status": 0}}]